STATE_UT,DISTRICT,TOTAL_IPC,WOMEN_CRIME_CORE_TOTAL,VIOLENT_CRIME
Maharashtra,Mumbai Commr.,40361,3181,5270
Maharashtra,MUMBAI COMMR.,34840,2621,5101
Karnataka,Bengaluru City,31892,1388,3361
Karnataka,BANGALORE COMMR.,30318,1065,2444
West Bengal,Kolkata,26668,2198,1411
West Bengal,KOLKATA,26319,2223,1267
Gujarat,SURAT COMMR.,24307,660,681
Madhya Pradesh,Indore,23992,997,1837
Madhya Pradesh,INDORE,22249,1009,1516
Gujarat,AHMEDABAD COMMR.,21258,2080,1518
West Bengal,South 24 Parganas,21049,4267,2038
Delhi UT,Outer,20320,1376,3084
Kerala,Ernakulam Rural,20185,501,392
Kerala,Thrissur Rural,20117,884,559
Andhra Pradesh,CYBERABAD,19992,2395,1085
Bihar,Patna,19804,764,1408
Telangana,Cyberabad,19311,2163,1037
Telangana,Hyderabad City,18940,1917,1247
Delhi UT,East,18642,1282,2304
Delhi UT,West,18488,1227,2306
Bihar,PATNA,18302,650,1272
Kerala,Malappuram,18057,1050,566
Tamil Nadu,COIMBATORE URBAN,17945,85,237
Kerala,MALAPPURAM,17840,1042,485
Kerala,Kottayam,17769,480,397
Tamil Nadu,CHENNAI,17747,526,688
Delhi UT,South,17371,1689,2103
Kerala,THRISSUR RURAL,17207,739,430
Kerala,Ernakulam Commr.,17088,406,289
Delhi UT,North-East,16904,1155,3275
Tamil Nadu,Chennai,16861,593,626
Andhra Pradesh,HYDERABAD CITY,16355,1935,780
Madhya Pradesh,Bhopal,16094,952,1256
West Bengal,24 PARGANAS SOUTH,15567,2430,1115
Gujarat,Ahmedabad City,15286,1078,1057
Uttar Pradesh,Lucknow,15107,1595,1163
Delhi UT,South-East,14914,1194,1980
West Bengal,North 24 Parganas,14867,2689,2194
Kerala,Palakkad,14780,739,430
West Bengal,Murshidabad,14762,3500,4046
Rajasthan,ALWAR,14677,1353,1243
Maharashtra,Pune Commr.,14468,1152,2164
Kerala,ERNAKULAM RURAL,14462,525,461
Madhya Pradesh,BHOPAL,13927,944,1016
Uttar Pradesh,LUCKNOW,13583,1417,1168
Kerala,ERNAKULAM COMMR.,13499,362,294
West Bengal,24 PARGANAS NORTH,13409,2181,1384
Delhi UT,North-West,13251,880,2109
Maharashtra,Thane Commr.,13227,1211,2800
Maharashtra,PUNE COMMR.,13159,956,1814
Madhya Pradesh,Gwalior,12958,1020,1101
Madhya Pradesh,Jabalpur,12918,960,1469
Gujarat,VADODARA COMMR.,12786,550,425
Rajasthan,Alwar,12742,1308,1170
Gujarat,Vadodara City,12651,447,412
Maharashtra,THANE COMMR.,12631,1205,2263
Maharashtra,YAVATMAL,12567,1635,976
Kerala,Trivandrum Commr.,12504,461,422
Kerala,KOTTAYAM,12314,544,409
West Bengal,MURSHIDABAD,12310,2603,1870
Assam,Guwahati City,12216,740,1144
Assam,GUWAHATI CITY,12162,886,1108
West Bengal,NADIA,12135,2048,1476
Kerala,Trivandrum Rural,12024,1118,947
Kerala,PALAKKAD,11848,675,388
West Bengal,Nadia,11790,2306,1751
Haryana,Gurgaon,11444,581,922
Delhi UT,South-West,11320,1131,2019
Kerala,Alapuzha,11033,577,436
Telangana,Khammam,11022,1134,710
Odisha,DCP BBSR,10975,513,1057
Madhya Pradesh,JABALPUR,10790,770,948
Madhya Pradesh,GWALIOR,10693,1063,1008
Andhra Pradesh,KHAMMAM,10607,1434,702
Tamil Nadu,Vellore,10492,169,434
Delhi UT,EAST,10388,964,1571
Tamil Nadu,THIRUNELVELI RURAL,10365,648,778
Maharashtra,Nagpur Commr.,10359,661,1258
Maharashtra,Pune Rural,10334,783,1287
Kerala,TRIVANDRUM RURAL,10326,1153,1046
Andhra Pradesh,NALGONDA,10291,1111,805
Gujarat,HIMATNAGAR,10261,359,196
Rajasthan,Bharatpur,10231,1006,851
Rajasthan,BHARATPUR,10203,928,834
Kerala,ALAPUZHA,10198,692,450
Kerala,TRIVANDRUM COMMR.,10171,541,474
Uttar Pradesh,Ghaziabad,10088,1017,1335
Uttar Pradesh,Meerut,10073,1078,1860
Maharashtra,Yavatmal,9951,1391,1074
Uttar Pradesh,Allahabad,9909,830,1175
Rajasthan,Udaipur,9868,1442,1435
Tamil Nadu,VELLORE,9802,189,378
Haryana,GURGAON,9729,529,774
Tamil Nadu,Villupuram,9643,302,609
Delhi UT,OUTER,9579,1145,1753
Uttar Pradesh,Agra,9518,834,1367
Bihar,Motihari,9490,369,592
Tamil Nadu,Cuddalore,9442,61,288
Maharashtra,NAGPUR COMMR.,9426,574,1120
Telangana,Karimnagar,9382,1280,845
Bihar,Muzaffarpur,9373,502,1130
Kerala,Kollam Commr.,9314,675,491
Uttar Pradesh,AGRA,9298,814,1318
Telangana,Nalgonda,9254,1032,975
Maharashtra,PUNE RURAL,9208,729,1101
Rajasthan,Ajmer,9197,1165,700
Uttar Pradesh,GHAZIABAD,9150,852,1098
Madhya Pradesh,Ujjain,9141,733,816
Assam,Barpeta,9056,1836,1206
Delhi UT,NORTH-EAST,9041,1011,1832
Bihar,MUZAFFARPUR,9021,206,866
Andhra Pradesh,VIJAYAWADA CITY,8978,1992,529
Delhi UT,Central,8932,446,985
Chhattisgarh,RAIPUR,8907,618,1040
West Bengal,Hooghly,8858,1721,898
Andhra Pradesh,KARIMNAGAR,8836,1396,752
Delhi UT,WEST,8813,1229,1475
Tamil Nadu,VILLUPURAM,8801,278,604
Uttar Pradesh,Aligarh,8793,943,1614
Rajasthan,Jaipur East,8759,559,612
Tamil Nadu,CUDDALORE,8758,116,324
Uttar Pradesh,Kanpur Nagar,8641,1007,1182
Rajasthan,AJMER,8636,1146,607
Delhi UT,SOUTH-EAST,8608,947,1604
Assam,BARPETA,8597,1523,953
Delhi UT,SOUTH,8593,969,1375
Andhra Pradesh,West Godavari,8542,1335,833
Kerala,Pathanamthitta,8533,352,336
Uttar Pradesh,Gautambudh Nagar,8521,455,895
Andhra Pradesh,WEST GODAVARI,8498,1581,739
Tamil Nadu,Thirunelveli,8490,235,712
Assam,Nagaon,8399,1721,1389
Andhra Pradesh,Kurnool,8398,1060,777
Andhra Pradesh,Anantapur,8376,687,945
Uttar Pradesh,MEERUT,8360,637,1605
Uttar Pradesh,ALLAHABAD,8357,705,948
West Bengal,Uttar Dinajpur,8312,1145,1212
Chhattisgarh,Raipur,8306,468,856
Bihar,MOTIHARI,8255,305,1272
Rajasthan,UDAIPUR,8212,1111,1057
Tamil Nadu,Madurai,8212,457,739
Delhi UT,North,8201,381,948
Uttar Pradesh,GAUTAMBUDH NAGAR,8199,376,809
Andhra Pradesh,Nellore,8175,934,757
Uttar Pradesh,ALIGARH,8129,927,1483
Andhra Pradesh,MAHABOOBNAGAR,8092,701,743
West Bengal,Barrackpur PC,8087,1506,949
Tamil Nadu,Kanchipuram,8066,46,215
Madhya Pradesh,SAGAR,8016,763,787
Tamil Nadu,KANCHIPURAM,7977,60,260
Madhya Pradesh,UJJAIN,7970,602,642
Maharashtra,AHMEDNAGAR,7934,789,1013
Kerala,Kollam Rural,7910,606,441
Rajasthan,JAIPUR EAST,7878,428,475
Andhra Pradesh,Vijayawada City,7876,1207,505
Tamil Nadu,MADURAI RURAL,7855,390,697
Bihar,GAYA,7816,294,628
Kerala,KOLLAM COMMR.,7790,584,409
Andhra Pradesh,Visakhapatnam,7728,727,506
West Bengal,Burdwan,7694,1118,1292
Madhya Pradesh,Sagar,7674,751,906
Andhra Pradesh,NIZAMABAD,7662,1235,453
Andhra Pradesh,East Godavari,7630,1137,847
Andhra Pradesh,KURNOOL,7595,813,813
Madhya Pradesh,Satna,7539,611,1095
Telangana,Mahaboob Nagar,7533,697,857
Gujarat,MEHSANA,7496,369,299
Madhya Pradesh,Dhar,7479,498,899
Maharashtra,THANE RURAL,7477,704,1176
Gujarat,Gandhinagar,7451,193,211
Madhya Pradesh,Dewas,7426,499,559
Assam,NAGAON,7393,1439,1118
Rajasthan,Bhilwara,7353,1200,440
Andhra Pradesh,NELLORE,7326,892,640
Kerala,KOLLAM RURAL,7257,635,466
Rajasthan,Jaipur West,7238,559,557
Bihar,Gaya,7232,309,630
West Bengal,JALPAIGURI,7161,1219,1063
Assam,Dhubri,7153,1582,1052
Andhra Pradesh,Krishna,7078,1287,589
Uttar Pradesh,KANPUR NAGAR,7060,446,724
Andhra Pradesh,MEDAK,7054,807,505
Telangana,Nizamabad,7053,1027,476
Andhra Pradesh,CUDDAPAH,7048,716,639
Andhra Pradesh,GUNTUR,7026,1093,618
West Bengal,UTTAR DINAJPUR,6998,1106,911
Rajasthan,Sikar,6994,558,459
Maharashtra,Ahmednagar,6957,657,1000
Maharashtra,Amravati Rural,6948,756,761
Rajasthan,SIKAR,6941,533,436
Gujarat,GANDHINAGAR,6933,259,182
West Bengal,HOOGHLY,6931,1149,572
Telangana,Medak,6931,698,576
Rajasthan,Ganganagar,6929,1269,623
Andhra Pradesh,ANANTAPUR,6913,592,811
Kerala,KANNUR,6899,603,397
Andhra Pradesh,Guntur,6897,1111,633
Chhattisgarh,DURG,6892,532,595
Andhra Pradesh,KRISHNA,6876,1441,619
Bihar,Nalanda,6871,363,497
Uttar Pradesh,BAREILLY,6860,597,1004
Assam,DHUBRI,6857,1742,1272
Maharashtra,Nasik Rural,6832,716,718
Madhya Pradesh,Betul,6822,996,912
Andhra Pradesh,EAST GODAVARI,6779,1146,652
West Bengal,Purab Medinipur,6778,1288,809
Andhra Pradesh,VISAKHAPATNAM,6775,872,386
Kerala,Kannur,6716,622,443
Madhya Pradesh,Rewa,6678,406,764
Chhattisgarh,Durg,6677,534,732
Rajasthan,JAIPUR WEST,6653,467,465
Rajasthan,Jaipur Rural,6625,532,568
Karnataka,BELGAUM,6594,526,638
Uttar Pradesh,Bareilly,6589,541,1094
Gujarat,Mehsana,6587,318,275
West Bengal,BKP CP,6581,971,622
Delhi UT,NORTH-WEST,6564,742,1351
Kerala,Thrissur Commr.,6548,288,230
Maharashtra,Jalgaon,6531,822,828
Tamil Nadu,THANJAVUR,6510,149,485
Kerala,THRISSUR COMMR.,6485,257,172
Maharashtra,NASIK RURAL,6477,744,668
West Bengal,Malda,6432,1439,1747
Andhra Pradesh,PRAKASHAM,6399,855,623
West Bengal,HOWRAH CITY,6388,897,543
Andhra Pradesh,ADILABAD,6381,872,520
Rajasthan,Pali,6373,985,757
Andhra Pradesh,Prakasham,6367,673,475
Rajasthan,GANGANAGAR,6347,1258,541
Bihar,Vaishali,6337,233,592
West Bengal,Howrah PC,6273,948,672
Tamil Nadu,Dindigul,6250,167,350
Maharashtra,Solapur Rural,6235,471,678
Madhya Pradesh,SATNA,6232,509,546
Tamil Nadu,Thanjavur,6225,101,377
Rajasthan,JAIPUR RURAL,6198,465,433
Madhya Pradesh,DHAR,6164,500,630
Rajasthan,PALI,6152,842,603
Madhya Pradesh,Chhindwara,6149,676,807
Kerala,KOZHIKODE RURAL,6132,579,350
Maharashtra,SATARA,6086,635,913
Maharashtra,Satara,6062,542,821
Karnataka,Shimoga,6043,705,690
Telangana,Adilabad,6036,769,537
Madhya Pradesh,Vidisha,6009,656,767
Kerala,PATHANAMTHITTA,6002,347,332
Haryana,Faridabad,6000,533,734
Delhi UT,SOUTH-WEST,5963,1158,1404
Rajasthan,Jaipur South,5953,371,440
Madhya Pradesh,Morena,5944,400,462
Karnataka,SHIMOGA,5943,619,564
Maharashtra,Navi Mumbai,5903,432,890
Tamil Nadu,TIRUPPUR,5895,166,377
Odisha,DCP CTC,5874,577,684
Tamil Nadu,DINDIGUL,5845,155,352
Madhya Pradesh,Shivpuri,5836,496,713
Tamil Nadu,SALEM RURAL,5832,140,313
Andhra Pradesh,Cuddapah,5803,362,532
Bihar,SAMASTIPUR,5802,191,471
Andhra Pradesh,Guntur Urban,5798,1009,436
West Bengal,Paschim Medinipur,5791,1576,1286
Rajasthan,Nagaur,5743,720,500
Madhya Pradesh,REWA,5741,468,492
Bihar,NALANDA,5740,284,443
Bihar,Purnea,5723,237,396
Bihar,DARBHANGA,5674,419,520
Rajasthan,DAUSA,5673,436,413
Bihar,Samastipur,5664,261,714
Karnataka,BANGALORE RURAL,5663,321,587
Gujarat,Sabarkantha,5647,175,137
Assam,Cachar,5640,740,478
Andhra Pradesh,CHITTOOR,5610,682,351
Haryana,Hissar,5608,484,388
Madhya Pradesh,MORENA,5588,372,471
Bihar,Saran,5586,277,830
Rajasthan,Dausa,5584,426,386
Bihar,VAISHALI,5578,305,589
Karnataka,Bengaluru District,5567,314,610
Madhya Pradesh,Mandsaur,5565,465,521
Maharashtra,JALGAON,5548,765,672
Karnataka,MANDYA,5544,435,531
Madhya Pradesh,Rajgarh,5529,475,528
Tamil Nadu,THOOTHUGUDI,5519,154,484
Bihar,SARAN,5492,201,666
Rajasthan,BHILWARA,5489,896,474
Bihar,Bhojpur,5488,214,591
Gujarat,PALANPUR,5480,538,428
Bihar,Sitamarhi,5453,282,744
Rajasthan,JAIPUR SOUTH,5452,302,317
Rajasthan,Bikaner,5441,763,366
Maharashtra,AMRAVATI RURAL,5440,606,620
Rajasthan,Chittorgarh,5435,894,571
Karnataka,HASSAN,5433,412,508
Haryana,HISSAR,5432,546,483
Andhra Pradesh,WARANGAL,5421,417,449
Kerala,KASARGOD,5401,486,336
Kerala,Kozhikode Rural,5391,590,392
Bihar,SIWAN,5390,177,445
Maharashtra,NAVI MUMBAI,5390,409,739
Andhra Pradesh,Chittoor,5374,556,495
Bihar,Darbhanga,5368,386,651
Tamil Nadu,Thoothugudi,5344,133,378
Bihar,SITAMARHI,5324,193,504
Bihar,BEGUSARAI,5319,200,658
West Bengal,PURAB MIDNAPUR,5295,811,591
West Bengal,MALDA,5280,928,1071
Rajasthan,Jhunjhunu,5277,505,324
Bihar,BETTIAH,5274,213,518
Kerala,Idukki,5264,431,338
Haryana,FARIDABAD,5264,488,472
West Bengal,Howrah G. R. P.,5259,1062,786
Rajasthan,Kota City,5248,743,530
Madhya Pradesh,Shahdol,5240,749,689
Madhya Pradesh,Raisen,5204,475,600
Bihar,Rohtas,5197,182,351
Bihar,Begusarai,5196,151,687
Rajasthan,NAGAUR,5186,727,443
Karnataka,Hassan,5182,428,576
West Bengal,SILIGURI_PC,5175,886,458
Maharashtra,Sangli,5171,342,463
Uttar Pradesh,G. R. P.,5158,70,202
Chhattisgarh,BILASPUR,5147,557,884
Madhya Pradesh,CHHINDWARA,5142,538,670
West Bengal,Coochbehar,5142,1013,940
Bihar,Madhubani,5113,311,717
Tamil Nadu,KRISHNAGIRI,5101,117,311
Kerala,IDUKKI,5101,443,373
Tamil Nadu,Krishnagiri,5095,81,298
Uttar Pradesh,VARANASI,5077,650,722
Maharashtra,NANDED,5058,576,482
Maharashtra,SOLAPUR RURAL,5057,369,507
Tamil Nadu,COIMBATORE RURAL,5053,109,269
Rajasthan,Hanumangarh,5021,869,497
Kerala,Kasargod,5016,396,273
Andhra Pradesh,Vizianagaram,5013,937,372
Madhya Pradesh,Sehore,5006,462,542
Bihar,Siwan,5003,138,616
Tamil Nadu,Coimbatore,4996,75,250
Karnataka,Mandya,4984,480,572
Rajasthan,CHITTORGARH,4980,1022,508
Madhya Pradesh,DEWAS,4980,328,332
Rajasthan,BIKANER,4978,697,372
West Bengal,BURDWAN,4973,567,721
Maharashtra,Kolhapur,4942,425,719
Jharkhand,Dhanbad,4929,235,441
Andhra Pradesh,VIZIANAGARAM,4918,695,310
Bihar,BHOJPUR,4888,201,453
Assam,CACHAR,4880,653,422
Andhra Pradesh,GUNTUR URBAN,4878,578,324
Rajasthan,KOTA CITY,4872,710,506
Madhya Pradesh,Bhind,4870,336,613
Madhya Pradesh,Hoshangabad,4870,424,564
Chhattisgarh,Bilaspur,4870,398,680
Maharashtra,Beed,4864,663,700
Karnataka,Belagavi District,4851,462,574
West Bengal,HOWRAH,4849,850,438
Andhra Pradesh,SRIKAKULAM,4841,742,372
Gujarat,KHEDA NORTH,4838,184,179
Karnataka,TUMKUR,4829,344,493
Rajasthan,HANUMANGARH,4825,841,453
Maharashtra,Aurangabad Commr.,4821,425,635
Maharashtra,KOLHAPUR,4800,456,562
Madhya Pradesh,KHARGON,4800,469,595
West Bengal,ASANSOL,4785,587,392
Uttar Pradesh,Mathura,4779,502,729
Uttar Pradesh,Bulandshahar,4775,377,1149
Madhya Pradesh,SHIVPURI,4772,422,511
Bihar,ROHTAS,4769,210,509
Jharkhand,DHANBAD,4768,197,444
Bihar,Bhagalpur,4763,264,524
Rajasthan,JHUNJHUNU,4752,529,304
West Bengal,PASCHIM MIDNAPUR,4739,964,877
West Bengal,Asansol-Durgapur PC,4738,743,599
Jharkhand,JAMSHEDPUR,4727,377,462
Andhra Pradesh,Srikakulam,4727,646,358
Maharashtra,BEED,4713,721,690
Uttar Pradesh,BULANDSHAHAR,4712,510,1161
Bihar,Bettiah,4712,178,250
Tamil Nadu,Salem,4696,81,243
Maharashtra,Palghar,4692,377,756
Tamil Nadu,Trichy,4688,109,195
Madhya Pradesh,VIDISHA,4687,519,608
Gujarat,RAJKOT RURAL,4683,478,246
Rajasthan,Jhalawar,4666,971,765
Kerala,Kozhikode Commr.,4665,336,219
Rajasthan,Tonk,4663,505,318
Bihar,MADHUBANI,4662,276,319
Madhya Pradesh,RAISEN,4656,455,470
Haryana,Panipat,4654,406,408
Rajasthan,KARAULI,4636,319,330
West Bengal,Siliguri PC,4623,759,508
Tamil Nadu,THIRUVANNAMALAI,4614,119,251
Rajasthan,Karauli,4612,381,365
Haryana,Bhiwani,4604,275,417
Maharashtra,Nanded,4600,379,505
Maharashtra,AURANGABAD RURAL,4565,521,414
Maharashtra,Nagpur Rural,4564,366,485
Delhi UT,CENTRAL,4562,325,581
Madhya Pradesh,Ratlam,4560,366,519
Tamil Nadu,Theni,4554,102,224
Jammu & Kashmir,JAMMU,4547,272,324
Madhya Pradesh,Guna,4539,403,599
Uttar Pradesh,Gorakhpur,4537,505,874
Madhya Pradesh,Khargone,4533,482,584
Madhya Pradesh,CHHATARPUR,4527,402,476
Karnataka,GULBARGA,4524,309,527
Karnataka,Tumakuru,4523,388,477
Rajasthan,Baran,4515,626,565
Tamil Nadu,Salem City,4504,72,168
Uttar Pradesh,MUZAFFARNAGAR,4496,469,1259
Maharashtra,CHANDRAPUR,4476,578,429
Gujarat,Banaskantha,4464,443,449
Madhya Pradesh,Chhatarpur,4463,406,625
Maharashtra,Buldhana,4453,520,529
Karnataka,Kalaburgi,4448,350,513
Uttar Pradesh,GORAKHPUR,4444,332,907
Maharashtra,Chandrapur,4441,556,526
Andhra Pradesh,WARANGAL URBAN,4440,455,284
West Bengal,COOCHBEHAR,4437,997,712
Maharashtra,Akola,4433,432,540
Madhya Pradesh,RAJGARH,4433,424,490
Tamil Nadu,DHARMAPURI,4416,139,399
Tamil Nadu,Thiruvannamalai,4411,71,253
Gujarat,BHAVNAGAR,4410,295,306
Telangana,Warangal,4407,482,374
Maharashtra,NASIK COMMR.,4401,313,362
Gujarat,Surat City,4397,571,605
Rajasthan,Dholpur,4395,391,346
Rajasthan,Barmer,4388,661,516
Uttar Pradesh,MATHURA,4386,386,661
Tamil Nadu,Nagapattinam,4386,80,214
Jharkhand,GIRIDIH,4378,444,369
Tamil Nadu,Erode,4370,45,168
Karnataka,RAMANAGAR,4363,230,439
Tamil Nadu,Dharmapuri,4354,71,308
Madhya Pradesh,SHAHDOL,4344,542,559
Tamil Nadu,ERODE,4342,60,211
Tamil Nadu,VIRUDHUNAGAR,4336,100,244
Madhya Pradesh,BHIND,4333,255,472
Karnataka,Bidar,4333,242,299
Odisha,Puri,4317,434,637
Tamil Nadu,THENI,4311,133,260
Haryana,Sonipat,4311,350,484
Odisha,Balasore,4305,1084,1209
Haryana,KARNAL,4302,499,767
Tamil Nadu,Virudhunagar,4285,70,247
Tamil Nadu,Coimbatore City,4281,76,220
Gujarat,Ahmedabad Rural,4266,191,238
Karnataka,Ramanagar,4249,257,469
Gujarat,JAMNAGAR,4247,537,231
Maharashtra,NAGPUR RURAL,4242,338,394
Jammu & Kashmir,Jammu,4238,364,336
Maharashtra,Aurangabad Rural,4237,436,417
Assam,Sibsagar,4236,536,585
Uttar Pradesh,Firozabad,4222,393,909
Rajasthan,Sawai Madhopur,4212,463,361
Tamil Nadu,KANYAKUMARI,4203,136,316
Uttar Pradesh,Saharanpur,4184,462,836
Uttar Pradesh,G.R.P.,4169,91,250
Assam,SONITPUR,4159,448,542
Rajasthan,JHALAWAR,4133,912,709
Tamil Nadu,TRICHY RURAL,4131,115,223
Uttar Pradesh,Pratapgarh,4128,438,774
Rajasthan,Jaipur North,4120,417,342
Karnataka,Mysuru District,4118,374,432
Karnataka,MYSORE RURAL,4116,173,305
Tamil Nadu,NAMAKKAL,4113,106,254
Gujarat,JUNAGADH,4099,555,248
Delhi UT,NORTH,4081,358,628
Rajasthan,SAWAI MADHOPUR,4077,310,260
Chandigarh,CHANDIGARH,4077,307,597
Maharashtra,Latur,4070,560,561
Odisha,BALASORE,4067,820,775
Gujarat,AHMEDABAD RURAL,4050,217,262
Tamil Nadu,Tiruppur,4049,57,205
Haryana,Karnal,4047,438,693
Tamil Nadu,Kanyakumari,4041,68,252
Tamil Nadu,Thiruvarur,4041,13,136
Tamil Nadu,Thiruvallur,4037,31,132
Maharashtra,AURANGABAD COMMR.,4033,389,513
Uttar Pradesh,FIROZABAD,4026,382,742
Uttar Pradesh,Moradabad,4026,718,741
Maharashtra,BULDHANA,4024,467,411
Rajasthan,TONK,4022,473,223
Madhya Pradesh,Khandwa,4011,480,565
Rajasthan,JAIPUR NORTH,4005,409,341
Tamil Nadu,Namakkal,4003,62,179
Tamil Nadu,THIRUVALLUR,4003,60,146
Rajasthan,BARMER,3996,540,343
Jharkhand,Jamshedpur,3985,227,393
Karnataka,Chitradurga,3981,364,409
Maharashtra,AKOLA,3979,406,457
Karnataka,CHITRADURGA,3970,280,340
Kerala,KOZHIKODE COMMR.,3966,320,226
Karnataka,BIDAR,3963,228,261
Tamil Nadu,THIRUVARUR,3963,36,179
Maharashtra,WARDHA,3959,452,527
Uttar Pradesh,Muzaffarnagar,3952,370,848
Bihar,PURNEA,3950,103,504
Uttar Pradesh,SITAPUR,3934,499,775
Uttar Pradesh,Sitapur,3923,463,650
Tamil Nadu,NAGAPATTINAM,3919,74,217
Madhya Pradesh,SIHORE,3907,305,361
Assam,Sonitpur,3906,518,584
Assam,Darrang,3901,1064,830
Uttar Pradesh,Varanasi,3900,543,559
Bihar,Araria,3898,59,399
Rajasthan,DHOLPUR,3889,320,280
Maharashtra,Nasik Commr.,3883,336,381
Bihar,Gopalganj,3879,209,790
Haryana,BHIWANI,3877,349,471
Madhya Pradesh,Dindori,3851,378,380
Rajasthan,Churu,3847,538,325
Karnataka,DAVANAGERE,3843,346,354
Odisha,ANGUL,3842,427,781
Gujarat,Arvalli,3841,95,111
West Bengal,Jalpaiguri,3832,863,687
Rajasthan,Bundi,3823,588,494
Haryana,Rohtak,3820,350,446
Tamil Nadu,Ramnathapuram,3819,47,216
Bihar,GOPALGANJ,3811,187,271
Gujarat,Surat Rural,3810,145,207
Madhya Pradesh,KATNI,3803,352,435
Telangana,Warangal Urban,3792,407,221
Madhya Pradesh,GUNA,3788,321,406
Madhya Pradesh,Narsinghpur,3777,445,446
Madhya Pradesh,MANDSAUR,3772,384,336
Madhya Pradesh,Shajapur,3754,344,314
Odisha,PURI,3753,324,459
Gujarat,Jamnagar,3752,292,213
West Bengal,Birbhum,3749,601,677
Uttar Pradesh,MORADABAD,3747,552,654
Tamil Nadu,SIVAGANGAI,3742,142,322
Tamil Nadu,Sivagangai,3738,82,256
Assam,Jorhat,3732,600,406
Rajasthan,CHURU,3725,518,257
Tamil Nadu,Pudukottai,3720,78,176
Bihar,KATIHAR,3693,207,407
Maharashtra,Wardha,3687,361,462
Gujarat,PATAN,3677,241,213
Madhya Pradesh,Katni,3670,358,544
Andhra Pradesh,Tirupathi Urban,3651,279,221
Madhya Pradesh,NARSINGHPUR,3649,433,442
Bihar,AURANGABAD,3648,225,558
Maharashtra,Thane Rural,3641,385,653
Uttar Pradesh,BIJNOR,3639,287,659
Karnataka,Davanagere,3635,349,473
Jharkhand,BOKARO,3634,324,239
Madhya Pradesh,HOSHANGABAD,3630,342,448
Gujarat,Kheda,3614,127,178
Maharashtra,Parbhani,3606,436,445
Bihar,BHAGALPUR,3590,225,465
Gujarat,Bhavnagar,3589,247,291
Uttar Pradesh,KHIRI,3587,343,625
Tamil Nadu,RAMNATHAPURAM,3583,57,266
Madhya Pradesh,Sidhi,3576,225,306
Maharashtra,PARBHANI,3573,453,482
Gujarat,RAJKOT COMMR.,3572,291,205
Haryana,SONIPAT,3570,363,387
Gujarat,PANCHMAHAL,3563,279,260
Punjab,CP Ludhiana,3546,391,629
Uttar Pradesh,SAHARANPUR,3541,356,599
Assam,DIBRUGARH,3529,455,504
Gujarat,Rajkot City,3516,354,333
Madhya Pradesh,Balaghat,3507,431,598
Madhya Pradesh,RATLAM,3497,271,370
Jharkhand,Giridih,3491,313,387
Madhya Pradesh,Seoni,3484,279,424
Haryana,Sirsa,3482,316,312
Assam,JORHAT,3478,503,516
Uttar Pradesh,Bijnor,3475,281,680
Chhattisgarh,JANJGIR,3470,377,509
Uttar Pradesh,Khiri,3465,342,607
Madhya Pradesh,Tikamgarh,3458,288,394
Maharashtra,LATUR,3443,457,384
Gujarat,VADODARA RURAL,3439,164,244
Uttar Pradesh,Unnao,3438,555,752
Bihar,Katihar,3415,138,388
Gujarat,Anand,3415,155,202
Bihar,Nawadah,3408,131,301
Chhattisgarh,Janjgir,3401,322,449
Odisha,Sambalpur,3391,252,556
Tamil Nadu,PUDUKOTTAI,3379,81,198
Assam,SIBSAGAR,3373,429,482
Maharashtra,Jalna,3372,528,488
Madhya Pradesh,Ashok Nagar,3366,342,390
Madhya Pradesh,BETUL,3363,458,543
West Bengal,Alipurduar,3355,537,478
Maharashtra,SANGLI,3353,382,417
Chhattisgarh,RAIGARH,3350,284,563
Gujarat,Kachchh East(G),3349,226,220
Madhya Pradesh,Singrauli,3349,308,390
Haryana,Yamunanagar,3347,303,614
Maharashtra,Amravati Commr.,3338,280,331
Madhya Pradesh,KHANDWA,3336,342,471
Rajasthan,BARAN,3333,564,461
Uttar Pradesh,PRATAPGARH,3311,286,679
Assam,KAMRUP,3310,460,411
Assam,Tinsukia,3309,299,460
Karnataka,Ballari,3304,253,370
Haryana,PANIPAT,3299,263,383
Rajasthan,BUNDI,3292,508,339
Bihar,Buxar,3284,148,228
Rajasthan,Jodhpur West,3281,328,320
Karnataka,BELLARY,3269,198,351
Chhattisgarh,Rajnandgaon,3255,197,355
Haryana,Palwal,3247,354,423
Gujarat,SURAT RURAL,3242,149,166
Andhra Pradesh,VISAKHA RURAL,3238,468,295
Tamil Nadu,Madurai City,3226,99,262
Chandigarh,Chandigarh,3221,291,467
Madhya Pradesh,TIKAMGARH,3196,266,309
Punjab,CP LUDHIANA,3194,364,497
Bihar,Saharsa,3189,103,316
Kerala,Wayanadu,3182,311,275
Odisha,Jajpur,3174,428,615
Maharashtra,JALNA,3173,574,431
Jharkhand,Bokaro,3145,268,263
Maharashtra,Mumbai Railway,3141,60,665
Maharashtra,DHULE,3136,341,356
Karnataka,Raichur,3128,396,422
Rajasthan,Praapgarh,3124,841,742
Puducherry,PUDUCHERRY,3113,36,103
Assam,Dibrugarh,3108,430,470
Uttar Pradesh,Shahjahanpur,3106,453,799
Assam,TINSUKIA,3104,258,482
Haryana,ROHTAK,3103,289,340
Bihar,Aurangabad,3079,179,304
Tamil Nadu,Trichy City,3074,43,77
Chhattisgarh,Raigarh,3074,315,496
Gujarat,Valsad,3072,136,267
Kerala,WAYANADU,3068,256,226
Karnataka,RAICHUR,3062,364,337
West Bengal,Bankura,3049,534,495
Karnataka,Mangaluru City,3039,156,303
Jharkhand,Hazaribagh,3039,162,327
Odisha,SAMBALPUR,3038,197,476
Tamil Nadu,MADURAI URBAN,3031,135,267
Andhra Pradesh,Visakha Rural,3028,394,298
West Bengal,Bidhannagar PC,3014,500,264
Bihar,Supaul,3008,137,355
Odisha,JAJPUR,3008,471,503
Madhya Pradesh,Jhabua,2990,172,345
Bihar,NAWADAH,2989,168,278
Rajasthan,JODHPUR WEST,2989,314,358
Madhya Pradesh,Neemuch,2986,183,211
Uttar Pradesh,Hardoi,2981,312,475
Gujarat,Bharuch,2981,154,268
Karnataka,UTTAR KANNADA,2977,285,304
Rajasthan,Jalore,2971,339,301
Odisha,MAYURBHANJ,2958,619,830
Madhya Pradesh,SINGRAULI,2954,243,310
Rajasthan,Jodhpur East,2952,345,294
Odisha,Angul,2950,232,568
Rajasthan,PRATAPGARH,2936,710,586
Assam,Golaghat,2932,321,594
Rajasthan,JODHPUR RURAL,2932,315,283
Karnataka,Vijayapura,2931,301,426
Bihar,SUPAUL,2930,136,276
Haryana,JIND,2923,271,341
Uttar Pradesh,Badaun,2919,337,754
Uttar Pradesh,Pilibhit,2916,380,444
Karnataka,MYSORE COMMR.,2916,86,274
Puducherry,Puducherry,2913,38,82
Uttar Pradesh,SHAHJAHANPUR,2903,325,507
Gujarat,Vadodara Rural,2896,117,159
Haryana,Jind,2892,222,297
Gujarat,Rajkot Rural,2891,302,210
Uttar Pradesh,HARDOI,2890,305,471
Himachal Pradesh,KANGRA,2884,217,244
West Bengal,BIRBHUM,2882,397,407
Uttar Pradesh,Azamgarh,2881,336,571
Karnataka,Chikkamagaluru,2878,319,378
Karnataka,MANGALORE CITY,2872,145,219
Assam,Lakhimpur,2872,495,320
Madhya Pradesh,BALAGHAT,2871,347,325
Punjab,PATIALA,2869,312,318
Chhattisgarh,RAJNANDGAON,2866,163,272
Maharashtra,OSMANABAD,2864,357,351
Jharkhand,RANCHI,2860,157,463
Madhya Pradesh,Barwani,2857,184,258
Tamil Nadu,SALEM URBAN,2852,85,153
Assam,GOLAGHAT,2844,448,551
Bihar,BUXAR,2833,132,302
Assam,Karimganj,2827,435,301
Punjab,SAS NGR,2826,344,307
Uttar Pradesh,Amroha,2826,363,417
Haryana,SIRSA,2825,329,342
Uttar Pradesh,UNNAO,2825,394,537
Maharashtra,Osmanabad,2825,296,355
Gujarat,SURENDRANAGAR,2822,209,231
Andhra Pradesh,TIRUPATHI URBAN,2821,226,140
Rajasthan,JODHPUR EAST,2818,277,232
Maharashtra,Dhule,2818,356,349
Gujarat,ANAND,2816,199,172
Bihar,ARARIA,2813,98,302
Gujarat,KUTCH (EAST(G)),2810,308,181
Odisha,Bhadrak,2807,438,510
Goa,North Goa,2805,252,363
Uttar Pradesh,PILIBHIT,2798,257,274
Uttarakhand,HARIDWAR,2796,274,631
Odisha,Mayurbhanj,2793,786,891
Jammu & Kashmir,SRINAGAR,2792,450,468
Bihar,SAHARSA,2792,103,271
Rajasthan,Rajsamand,2790,425,270
Rajasthan,Banswara,2789,453,466
Assam,Kamrup,2785,688,527
Rajasthan,BANSWARA,2784,443,402
Karnataka,Uttara Kannada,2783,241,291
Tamil Nadu,TRICHY URBAN,2783,59,129
Madhya Pradesh,Datia,2783,193,333
Uttar Pradesh,Etah,2783,332,621
Haryana,Rewari,2781,257,343
Maharashtra,AMRAVATI COMMR.,2776,189,288
Punjab,Patiala,2774,284,312
Karnataka,Mysuru City,2766,186,321
Karnataka,CHICKMAGALUR,2758,238,306
Gujarat,BHARUCH,2756,106,171
Haryana,PALWAL,2747,355,325
Bihar,MADHEPURA,2745,98,246
Uttar Pradesh,Etawah,2721,245,518
Jharkhand,HAZARIBAGH,2719,176,327
Gujarat,VALSAD,2713,80,198
Odisha,BHADRAK,2708,438,450
Haryana,REWARI,2703,287,311
Madhya Pradesh,Damoh,2702,282,384
Himachal Pradesh,Kangra,2698,183,196
Rajasthan,Jodhpur Rural,2693,374,346
Jharkhand,GARHWA,2688,241,241
Maharashtra,MUMBAI RLY.,2684,52,581
Rajasthan,Dungarpur,2678,464,478
Uttar Pradesh,BARABANKI,2677,202,304
Odisha,Rourkela,2670,401,580
Karnataka,UDUPI,2667,169,206
Madhya Pradesh,Anuppur,2666,312,373
Madhya Pradesh,SIDHI,2653,253,297
Haryana,KURUKSHETRA,2635,266,220
Gujarat,Panchmahal,2634,158,177
Madhya Pradesh,SEONI,2632,252,314
Madhya Pradesh,DAMOH,2630,281,305
Assam,Goalpara,2623,604,597
Uttar Pradesh,AZAMGARH,2621,250,457
Uttar Pradesh,BADAUN,2607,272,629
West Bengal,DAKSHIN DINAJPUR,2606,481,426
Maharashtra,Raigad,2601,217,313
Goa,NORTH GOA,2595,204,283
Maharashtra,RAIGAD,2595,263,292
Odisha,Cuttack,2594,151,349
Gujarat,Dahod,2594,188,279
Rajasthan,JALORE,2593,308,233
Bihar,Khagaria,2589,52,313
Jharkhand,Garhwa,2582,139,511
Haryana,Kurukshetra,2581,207,228
Odisha,Ganjam,2580,637,1060
Odisha,KEONJHAR,2579,602,723
Maharashtra,Washim,2579,340,398
Chhattisgarh,Balodbazar,2578,181,324
Chhattisgarh,Korba,2572,212,282
Rajasthan,RAJSAMAND,2571,393,244
Odisha,Keonjhar,2571,486,746
Karnataka,BIJAPUR,2569,216,306
Uttar Pradesh,Fatehpur,2559,295,431
Assam,Morigaon,2557,765,708
Rajasthan,Kota Rural,2557,519,382
Jharkhand,Palamu,2556,120,381
Haryana,YAMUNANAGAR,2541,298,456
Madhya Pradesh,ASHOK NAGAR,2534,259,309
Jammu & Kashmir,Srinagar,2533,337,381
Madhya Pradesh,NEEMUCH,2525,208,227
Madhya Pradesh,SHAJAPUR,2523,203,244
Maharashtra,WASHIM,2513,353,308
Uttar Pradesh,ETAH,2506,288,533
Uttarakhand,Haridwar,2505,172,649
Bihar,Banka,2505,112,330
Madhya Pradesh,JHABUA,2498,119,259
Gujarat,Junagadh,2497,360,191
Karnataka,Udupi,2496,200,247
West Bengal,BANKURA,2494,397,297
West Bengal,BDN CP,2491,335,198
Tamil Nadu,Tiruppur City,2490,34,150
Bihar,KHAGARIA,2483,51,260
Gujarat,Surendranagar,2476,147,207
Uttar Pradesh,Barabanki,2471,147,280
Uttar Pradesh,Mainpuri,2469,203,467
Chhattisgarh,Mahasamund,2469,185,279
Assam,DARRANG,2459,712,532
Jharkhand,Ranchi,2447,139,397
Karnataka,DHARWAD COMMR.,2443,147,293
Uttar Pradesh,MAINPURI,2432,244,481
Haryana,Fatehabad,2431,246,177
Andhra Pradesh,Rajahmundry,2430,376,225
Haryana,MEWAT,2427,329,278
Bihar,Madhepura,2426,76,304
Uttar Pradesh,Faizabad,2426,149,346
Uttarakhand,UDHAMSINGH NAGAR,2426,258,411
Uttar Pradesh,Sultanpur,2421,202,436
Delhi UT,New Delhi,2421,111,199
West Bengal,Darjeeling,2418,374,304
Haryana,Mewat,2414,283,389
Assam,KARIMGANJ,2411,328,240
Odisha,ROURKELA,2410,259,437
Punjab,SAS Nagar,2408,195,317
Rajasthan,KOTA RURAL,2408,458,360
Odisha,CUTTACK,2407,114,249
Karnataka,Chikkaballapura,2405,186,279
Uttar Pradesh,AMROHA,2401,267,388
Chhattisgarh,MAHASAMUND,2396,220,315
Karnataka,Belagavi City,2396,190,278
Jharkhand,DEOGHAR,2394,402,322
Uttar Pradesh,BAHRAICH,2389,122,375
Rajasthan,DUNGARPUR,2380,366,345
Odisha,Bolangir,2379,343,565
West Bengal,Dakshin Dinajpur,2372,489,533
Karnataka,CBPURA,2372,158,230
Uttar Pradesh,Jaunpur,2352,208,452
Odisha,Jagatsinghpur,2345,394,507
Rajasthan,Sirohi,2342,410,293
Uttar Pradesh,GONDA,2342,122,363
Karnataka,BAGALKOT,2340,167,251
Gujarat,Morbi,2332,122,118
Odisha,GANJAM,2326,586,992
Odisha,JAGATSINGHPUR,2324,367,518
Assam,GOALPARA,2322,495,478
Telangana,Ranga Reddy,2309,354,307
Delhi UT,Metro,2309,32,46
Jharkhand,Deoghar,2300,212,252
Odisha,Khurda,2291,222,410
Uttar Pradesh,SULTANPUR,2284,242,388
Uttar Pradesh,SAMBHAL,2284,254,498
Chhattisgarh,BALODA BAZAR,2284,222,360
Odisha,KENDRAPARA,2282,124,387
Assam,LAKHIMPUR,2281,417,312
Uttar Pradesh,Hathras,2280,309,525
Uttarakhand,DEHRADUN,2279,298,489
Karnataka,KOLAR,2275,73,198
Gujarat,Kachchh West(B),2269,251,126
Bihar,Bhabhua,2267,68,288
Madhya Pradesh,DATIYA,2267,147,237
Haryana,Mahendergarh,2262,202,260
Madhya Pradesh,BARWANI,2260,160,238
Maharashtra,BHANDARA,2257,207,205
Haryana,AMBALA URBAN,2255,261,285
Andhra Pradesh,RAJAHMUNDRY,2251,360,146
Uttar Pradesh,Bahraich,2249,164,446
Odisha,Kendrapara,2244,470,407
Uttar Pradesh,ETAWAH,2242,145,325
Tamil Nadu,Karur,2241,31,92
Uttar Pradesh,FATEHPUR,2234,248,398
Uttarakhand,Udhamsingh Nagar,2234,197,326
Gujarat,AMRELI,2229,186,145
Jharkhand,PALAMU,2228,102,316
Madhya Pradesh,Mandla,2220,246,363
Uttar Pradesh,JAUNPUR,2218,265,435
Chhattisgarh,KORBA,2214,207,275
Karnataka,Haveri,2201,191,251
Bihar,MUNGER,2195,91,208
Andhra Pradesh,RANGA REDDY,2191,311,280
Karnataka,Kolar,2188,128,266
Maharashtra,Solapur Commr.,2186,153,310
Uttarakhand,Dehradun,2178,295,305
Madhya Pradesh,Umaria,2172,250,282
Maharashtra,SOLAPUR COMMR.,2166,177,347
Karnataka,HAVERI,2157,154,184
Uttar Pradesh,Fatehgarh,2151,217,376
Uttar Pradesh,FAIZABAD,2150,133,363
Rajasthan,SIROHI,2148,377,291
Odisha,DHENKANAL,2131,528,747
Karnataka,Bagalkot,2131,176,252
Assam,Nalbari,2122,83,334
Gujarat,KUTCH (WEST-BHUJ),2121,257,151
Gujarat,Patan,2117,215,200
Punjab,Bathinda,2117,212,308
Uttar Pradesh,Kanpur Dehat,2111,294,391
Uttar Pradesh,Kannauj,2103,240,322
Haryana,Jhajjar,2100,260,287
Punjab,BHATINDA,2096,204,266
Uttar Pradesh,HATHRAS,2094,207,399
Uttar Pradesh,Sambhal,2087,252,492
Karnataka,Dakshina Kannada,2087,147,203
Uttar Pradesh,RAIBAREILLY,2085,204,353
Punjab,SANGRUR,2078,180,261
Madhya Pradesh,Bhopal Railway,2067,27,76
Bihar,BANKA,2065,132,259
Madhya Pradesh,Panna,2063,173,329
Uttar Pradesh,BANDA,2055,359,475
Uttar Pradesh,Raibareilly,2053,182,359
Karnataka,DAKSHIN KANNADA,2050,133,179
Assam,NALBARI,2050,309,294
Odisha,Kalahandi,2039,467,647
Bihar,BAGAHA,2039,101,157
Uttar Pradesh,KANPUR DEHAT,2031,173,245
Haryana,JHAJJAR,2028,208,225
Uttar Pradesh,Gonda,2021,133,356
Punjab,CP Jalandhar,2020,235,305
Madhya Pradesh,Harda,2016,164,243
Tamil Nadu,KARUR,2013,28,92
Odisha,BOLANGIR,2008,206,359
Maharashtra,Bhandara,2003,158,190
Odisha,Dhenkanal,2000,515,808
Punjab,CP Amritsar,1998,234,277
Tamil Nadu,ARIYALUR,1991,44,129
Madhya Pradesh,DINDORI,1990,257,261
Uttar Pradesh,KUSHI NAGAR,1988,176,363
Uttar Pradesh,Jhansi,1985,265,392
Odisha,BERHAMPUR,1985,315,497
Odisha,KHURDA,1982,290,419
Bihar,Kishanganj,1982,183,280
Haryana,Ambala (Urban),1977,174,273
Bihar,JEHANABAD,1976,106,127
Haryana,FATEHABAD,1974,296,185
Uttar Pradesh,RAMPUR,1970,210,339
Bihar,Jehanabad,1968,88,186
Haryana,MAHENDRAGARH,1960,250,269
Madhya Pradesh,Burhanpur,1958,194,209
Himachal Pradesh,Shimla,1957,140,184
Madhya Pradesh,BHOPAL RLY.,1953,26,66
Uttar Pradesh,Rampur,1950,227,355
Uttar Pradesh,Banda,1948,391,554
Uttar Pradesh,Ghazipur,1945,191,412
Uttar Pradesh,Kaushambi,1945,247,303
West Bengal,DARJEELING,1943,244,207
Bihar,JAMUI,1942,149,361
Assam,Hailakandi,1940,313,235
Himachal Pradesh,Mandi,1939,213,216
Jharkhand,SAHEBGANJ,1938,267,356
Karnataka,Hubballi Dharwad City,1936,101,220
Punjab,Sangrur,1935,203,265
Uttar Pradesh,JHANSI,1923,202,326
Haryana,Kaithal,1922,217,308
Madhya Pradesh,MANDLA,1906,251,254
Punjab,CP JALANDHAR,1894,306,257
Maharashtra,GONDIA,1887,212,229
Karnataka,Koppal,1883,116,148
Uttar Pradesh,DEORIA,1882,195,440
Assam,MORIGAON,1879,400,302
Karnataka,CHAMARAJNAGAR,1866,140,238
Madhya Pradesh,ANUPPUR,1860,306,309
Bihar,Bagaha,1860,115,167
Bihar,BHABHUA,1860,92,190
Uttar Pradesh,Baghpat,1844,235,484
Uttar Pradesh,Hapur,1841,194,346
Uttar Pradesh,HAPUR,1839,183,398
Maharashtra,Gondia,1836,226,275
Chhattisgarh,Sarguja,1835,197,313
Uttar Pradesh,BAGHPAT,1831,199,467
Himachal Pradesh,MANDI,1831,152,169
Madhya Pradesh,PANNA,1828,175,195
Bihar,KISHANGANJ,1828,124,251
Karnataka,Kodagu,1824,131,198
Gujarat,Amreli,1818,168,170
Odisha,Baragarh,1817,266,463
Jharkhand,DUMKA,1817,139,242
Delhi UT,RAILWAY,1816,21,135
Jammu & Kashmir,RAJOURI,1814,150,181
Haryana,KAITHAL,1805,226,239
Jharkhand,GODDA,1800,52,181
West Bengal,Purulia,1800,407,433
Uttar Pradesh,BALLIA,1790,153,369
Haryana,PANCHKULA,1790,149,262
Assam,Bongaigaon,1789,221,145
Uttar Pradesh,Auraiya,1789,279,283
Bihar,Munger,1778,72,169
Tamil Nadu,Perambalur,1770,47,85
Maharashtra,Nagpur Railway,1768,23,114
Maharashtra,Hingoli,1761,191,210
Uttar Pradesh,Kushi Nagar,1757,156,300
Chhattisgarh,SARGUJA,1757,225,279
Uttar Pradesh,FATEHGARH,1754,127,315
Chhattisgarh,Surajpur,1753,168,275
Jammu & Kashmir,Rajouri,1751,192,220
Gujarat,NAVSARI,1737,111,102
Jharkhand,KODERMA,1736,94,171
Odisha,KALAHANDI,1735,358,399
Bihar,Naugachia,1732,111,128
Karnataka,KOPPAL,1732,120,121
Gujarat,Navsari,1730,103,117
Bihar,Lakhisarai,1728,111,314
Goa,SOUTH GOA,1717,138,207
Jharkhand,Godda,1710,94,154
Odisha,Berhampur,1709,334,459
Chhattisgarh,Koriya,1707,194,291
Karnataka,KODAGU,1707,111,173
Bihar,Jamui,1699,101,395
Odisha,Nabarangpur,1695,373,440
Uttar Pradesh,Ballia,1674,213,308
Uttar Pradesh,Shamli,1674,195,403
Punjab,HOSHIARPUR,1667,249,248
Uttar Pradesh,AMETHI,1666,172,381
Odisha,Sundargarh,1655,240,319
Madhya Pradesh,Agar,1652,138,143
Himachal Pradesh,SHIMLA,1652,135,173
Punjab,CP AMRITSAR,1652,191,229
Tripura,West,1650,434,338
Chhattisgarh,SURAJPUR,1646,216,261
Chhattisgarh,Bemetra,1645,119,163
Uttar Pradesh,Deoria,1645,140,338
Chhattisgarh,KORIYA,1641,213,273
Punjab,Hoshiarpur,1637,186,229
Madhya Pradesh,BURHANPUR,1636,182,178
Tripura,WEST,1635,348,236
Uttar Pradesh,GHAZIPUR,1626,185,351
Tamil Nadu,Thirunelveli City,1623,28,214
Tamil Nadu,Ariyalur,1615,38,106
West Bengal,PURULIA,1613,298,301
Karnataka,Chamarajnagar,1607,124,198
Uttar Pradesh,KAUSHAMBI,1600,224,285
Karnataka,K.G.F.,1599,114,233
Haryana,Panchkula,1594,147,318
Jharkhand,Dumka,1592,118,186
Odisha,BARAGARH,1587,295,413
Chhattisgarh,Jagdalpur,1580,95,202
Punjab,JALANDHAR RURAL,1579,171,225
Madhya Pradesh,UMARIYA,1579,181,181
Madhya Pradesh,Sheopur,1578,126,159
Maharashtra,NAGPUR RLY.,1577,21,104
Odisha,SUNDARGARH,1576,177,328
Chhattisgarh,Kabirdham,1573,145,241
Maharashtra,RATNAGIRI,1568,174,202
Maharashtra,Ratnagiri,1568,129,181
Assam,BONGAIGAON,1565,181,229
Bihar,NAUGACHIA,1564,114,152
Maharashtra,NANDURBAR,1558,156,155
Goa,South Goa,1549,130,207
Gujarat,DAHOD,1544,30,232
Odisha,NOWRANGPUR,1542,259,318
Tamil Nadu,THIRUNELVELI URBAN,1525,34,211
Jharkhand,Sahebganj,1522,186,288
Uttar Pradesh,Amethi,1522,167,340
Odisha,NAYAGARH,1520,81,355
Uttar Pradesh,KANNAUJ,1508,141,223
Karnataka,Yadgiri,1496,239,298
Uttar Pradesh,MAU,1495,185,281
Punjab,AMRITSAR RURAL,1491,148,274
Karnataka,YADGIRI,1489,203,242
Jharkhand,Ramgarh,1488,115,242
Odisha,Nayagarh,1487,92,317
Chhattisgarh,BEMETARA,1485,111,155
Chhattisgarh,Balod,1479,126,156
Rajasthan,Jaisalmer,1478,157,169
Uttar Pradesh,Mau,1476,174,299
Delhi UT,NEW DELHI,1458,128,188
Jammu & Kashmir,BARAMULLA,1457,185,286
Odisha,KORAPUT,1456,265,406
Assam,Udalguri,1453,159,239
Chhattisgarh,JAGDALPUR,1448,102,199
Assam,KOKRAJHAR,1448,205,247
Rajasthan,JAISALMER,1434,146,140
Odisha,Jharsuguda,1431,214,323
Jammu & Kashmir,ANANTNAG,1426,178,269
Maharashtra,Nandurbar,1425,114,161
Assam,Kokrajhar,1419,167,291
Manipur,Imphal West,1417,78,202
Assam,HAILAKANDI,1414,238,180
Uttar Pradesh,SHAMLI,1410,163,387
Madhya Pradesh,SHEOPUR,1409,124,121
Gujarat,Gir Somnath,1405,175,129
Maharashtra,HINGOLI,1400,162,144
Assam,DHEMAJI,1397,205,293
Punjab,Amritsar Rural,1396,168,328
Chhattisgarh,KABIRDHAM,1383,119,169
Uttar Pradesh,MAHARAJGANJ,1369,149,261
Uttar Pradesh,Chandoli,1366,251,261
Manipur,IMPHAL WEST,1366,69,211
Odisha,Koraput,1357,301,490
Jharkhand,Koderma,1344,70,109
Uttar Pradesh,KASGANJ,1339,111,282
Uttar Pradesh,AMBEDKAR NAGAR,1339,52,168
Chhattisgarh,Balrampur,1333,218,276
Meghalaya,Khasi Hills East,1327,120,189
Bihar,LAKHISARAI,1326,90,209
Bihar,Sheikhpura,1325,101,115
Uttar Pradesh,Ambedkar Nagar,1323,88,167
Uttar Pradesh,AURAIYA,1316,150,216
Rajasthan,G.R.P.Ajmer,1313,11,45
Jammu & Kashmir,Anantnag,1307,151,231
Punjab,Ferozepur,1300,134,178
Tamil Nadu,PERAMBALUR,1300,27,62
Chhattisgarh,Dhamtari,1300,103,145
Jammu & Kashmir,Kathua,1289,98,133
Jharkhand,Chatra,1284,131,151
Chhattisgarh,JASHPUR,1273,171,288
Punjab,KAPURTHALA,1267,139,176
Jharkhand,JAMTARA,1255,200,110
Chhattisgarh,Kanker,1253,109,219
Karnataka,DHARWAD RURAL,1238,80,140
Punjab,FEROZPUR,1233,76,140
Uttar Pradesh,Kasganj,1232,127,278
Chhattisgarh,Jashpur,1225,145,297
Andhra Pradesh,Vijayawada Railway,1223,17,21
Karnataka,Dharwad,1219,73,124
Chhattisgarh,MUNGELI,1219,97,168
Jammu & Kashmir,BUDGAM,1218,52,141
Bihar,Patna Railway,1216,19,75
Chhattisgarh,BALOD,1215,103,148
Odisha,JHARSUGUDA,1214,174,205
Jharkhand,RAMGARH,1213,102,191
Madhya Pradesh,AGAR,1209,97,127
Tamil Nadu,NILGIRIS,1203,35,74
Jharkhand,Gumla,1200,107,378
Odisha,Rayagada,1199,287,348
Tamil Nadu,Nilgiris,1199,24,47
Chhattisgarh,DHAMTARI,1189,104,157
Himachal Pradesh,Bilaspur,1185,112,146
Jammu & Kashmir,KATHUA,1178,93,103
Odisha,Nuapada,1175,262,299
Madhya Pradesh,ALIRAJPUR,1175,62,152
Punjab,Moga,1172,97,172
Punjab,Tarn Taran,1171,134,216
Odisha,RAYAGADA,1163,275,410
Uttar Pradesh,BASTI,1162,132,219
Uttar Pradesh,Maharajganj,1162,155,227
Madhya Pradesh,Alirajpur,1161,42,132
Madhya Pradesh,Jabalpur Railway,1159,27,83
Jammu & Kashmir,Udhampur,1157,84,98
Punjab,Jalandhar Rural,1154,102,191
Haryana,GRP,1150,74,70
Gujarat,Chhotaudepur,1144,47,108
Jammu & Kashmir,UDHAMPUR,1140,83,84
Haryana,G. R. P.,1139,27,86
Jharkhand,PAKUR,1139,207,152
Punjab,Khanna,1132,98,162
Chhattisgarh,KANKER,1132,111,208
Himachal Pradesh,BILASPUR,1131,100,113
Meghalaya,KHASI HILLS EAST,1127,100,211
Punjab,Ropar,1122,114,150
Bihar,SHEIKHPURA,1116,65,167
Chhattisgarh,BALRAMPUR,1115,176,215
Assam,UDALGURI,1113,148,230
Haryana,AMBALA RURAL,1110,131,153
Jammu & Kashmir,Baramulla,1110,122,187
Karnataka,Gadag,1109,70,104
Jharkhand,Saraikela,1108,92,190
Gujarat,Devbhumi Dwarka,1106,148,62
Bihar,PATNA RLY.,1105,18,86
Punjab,Kapurthala,1105,124,170
Madhya Pradesh,HARDA,1100,103,124
Haryana,Ambala (Rural),1098,103,137
Uttarakhand,Nainital,1095,110,289
Karnataka,GADAG,1092,95,133
Odisha,Kandhamal,1089,223,284
Uttar Pradesh,CHANDOLI,1083,105,221
Himachal Pradesh,Una,1083,118,85
Punjab,Ludhiana Rural,1081,69,137
Odisha,NUAPADA,1080,188,289
Himachal Pradesh,UNA,1076,118,102
Punjab,TARN TARAN,1076,118,197
Assam,Dhemaji,1068,211,223
Jharkhand,CHATRA,1062,70,139
Jharkhand,CHAIBASA,1061,168,342
Mizoram,Aizawl,1059,102,131
Jharkhand,SARAIKELA,1057,91,215
Tripura,GOMATI,1049,248,143
Punjab,MOGA,1044,80,167
Gujarat,Mahisagar,1040,121,85
Uttar Pradesh,HAMIRPUR,1040,187,352
Maharashtra,GADCHIROLI,1033,106,205
Jharkhand,Jamtara,1032,138,159
Jammu & Kashmir,Budgam,1026,48,128
Punjab,ROPAR,1016,90,155
Himachal Pradesh,KULLU,1009,105,120
Madhya Pradesh,JABALPUR RLY.,1005,17,40
Bihar,Arwal,991,21,105
Uttar Pradesh,Chitrakoot,988,114,183
Gujarat,Tapi,986,133,57
Uttar Pradesh,Hamirpur,981,195,288
Uttar Pradesh,JALAUN,978,114,193
Punjab,KHANNA,971,77,132
Uttar Pradesh,Lalitpur,962,94,155
Delhi UT,METRO RAIL,962,31,28
Assam,Karbi Anglong,960,91,214
Jharkhand,Chaibasa,954,97,316
Chhattisgarh,Gariyaband,948,93,122
Karnataka,K.Railways,948,13,132
Himachal Pradesh,Solan,947,59,78
Tripura,SIPAHIJALA,943,219,144
Jammu & Kashmir,KULGAM,941,167,280
Chhattisgarh,Mungali,938,83,119
Jharkhand,GUMLA,929,92,355
Punjab,Fatehgarh Sahib,920,80,109
Himachal Pradesh,Kullu,914,72,88
Gujarat,Porbandar,913,121,74
Karnataka,RAILWAYS,913,6,101
Odisha,KANDHAMAL,909,191,252
Bihar,ARWAL,909,54,66
Odisha,Deogarh,901,103,167
Himachal Pradesh,SOLAN,885,53,62
Punjab,GURDASPUR,884,112,146
Punjab,Fazilka,877,133,143
Maharashtra,Gadchiroli,875,72,185
Jammu & Kashmir,DODA,874,120,132
Himachal Pradesh,HAMIRPUR,873,86,67
Himachal Pradesh,Sirmaur,872,100,105
Chhattisgarh,GARIYABAND,866,76,113
Punjab,Batala,865,106,168
Punjab,LUDHIANA RURAL,864,58,123
Rajasthan,G.R.P.AJMER,864,13,35
Assam,Chirang,863,129,186
Punjab,FAZILKA,863,89,128
Telangana,Secunderabad Railway,860,7,17
Jharkhand,Latehar,859,50,129
Jammu & Kashmir,Kulgam,856,191,247
Uttar Pradesh,Jalaun,856,127,208
Assam,Baska,853,134,174
Andhra Pradesh,SECUNDERABAD RLY.,849,11,23
Himachal Pradesh,Hamirpur,845,86,79
Mizoram,AIZAWL,844,79,94
Uttarakhand,NAINITAL,842,100,208
Jammu & Kashmir,Poonch,842,88,115
Maharashtra,SINDHUDURG,841,85,104
Jharkhand,Pakur,839,159,137
Gujarat,PORBANDAR,838,91,52
Uttar Pradesh,MAHOBA,838,133,209
Uttar Pradesh,SHRAWASTI,835,92,183
Punjab,BATALA,826,93,150
Tripura,Gomati,825,227,131
Gujarat,TAPI,822,33,62
Himachal Pradesh,SIRMAUR,814,92,93
Uttar Pradesh,Mahoba,814,121,224
Punjab,FATEHGARH SAHIB,811,78,82
Uttar Pradesh,CHITRAKOOT DHAM,807,79,127
Jammu & Kashmir,POONCH,806,83,123
Punjab,MUKTSAR,804,81,141
West Bengal,Jhargram Police District,803,199,169
Uttar Pradesh,Shrawasti,801,45,115
Punjab,Mansa,793,90,109
Punjab,Barnala,791,75,133
Jammu & Kashmir,KUPWARA,790,90,152
Maharashtra,Sindhudurg,789,65,103
Uttar Pradesh,MIRZAPUR,786,59,57
Gujarat,Botad,783,61,80
Chhattisgarh,Kondagaon,782,46,114
Punjab,Gurdaspur,781,112,124
Punjab,Muktsar,781,81,134
Uttar Pradesh,Mirzapur,780,83,84
Uttar Pradesh,SONBHADRA,779,79,128
Bihar,Sheohar,778,44,119
Jammu & Kashmir,SAMBA,777,48,65
Uttar Pradesh,Sidharthnagar,773,113,161
Andhra Pradesh,VIJAYAWADA RLY.,773,14,28
Punjab,BARNALA,771,47,112
Bihar,SHEOHAR,769,29,118
Manipur,Thoubal,768,70,178
Assam,BAKSA,768,62,142
Assam,CHIRANG,763,130,166
Himachal Pradesh,Chamba,761,60,85
Delhi UT,GRP(RLY),760,16,69
Uttar Pradesh,SIDHARTHNAGAR,758,84,143
Uttar Pradesh,Sonbhadra,753,69,122
Jammu & Kashmir,Reasi,753,53,74
Uttar Pradesh,Basti,752,97,161
Uttar Pradesh,SANT KABIRNAGAR,744,53,161
Jammu & Kashmir,RAMBAN,737,49,76
Gujarat,NARMADA,727,32,63
Uttar Pradesh,Sant Kabirnagar,727,59,142
Tripura,Sipahijala,725,182,145
Tripura,SOUTH,725,168,127
Odisha,Sonepur,724,97,145
Punjab,FARIDKOT,724,73,115
Jammu & Kashmir,Kupwara,710,89,143
Odisha,BOUDH,706,196,248
Jammu & Kashmir,REASI,704,40,54
Jharkhand,LATEHAR,698,67,160
Uttar Pradesh,LALITPUR,696,89,142
Himachal Pradesh,CHAMBA,694,58,72
West Bengal,JHARGRAM,680,122,138
Tripura,South,678,165,120
Maharashtra,Pune Railway,676,8,83
Jammu & Kashmir,Ramban,674,59,66
Punjab,Faridkot,673,57,132
Punjab,SBS NAGAR,671,67,88
Puducherry,Karaikal,671,17,25
Jammu & Kashmir,Doda,667,105,126
Gujarat,Narmada,664,44,59
Arunachal Pradesh,Papum Pare City,661,80,140
Punjab,SBS Nagar,659,76,94
Gujarat,W.Rly Vadodara,657,3,18
West Bengal,Sealdah G. R. P.,655,59,107
Jammu & Kashmir,BANDIPORA,653,69,121
Jammu & Kashmir,Samba,653,25,54
Himachal Pradesh,Baddi,651,44,57
Odisha,SONEPUR,650,130,141
Haryana,I&P HARYANA,649,0,0
Uttar Pradesh,BALRAMPUR,649,62,175
West Bengal,SEALDAH G.R.P.,647,50,94
Manipur,Imphal East,645,36,109
Puducherry,KARAIKAL,643,10,22
Punjab,MANSA,640,60,87
Tamil Nadu,Railway Chennai,637,5,34
Assam,KARBI ANGLONG,637,63,136
Jammu & Kashmir,Sopore,634,98,178
Chhattisgarh,KONDAGAON,619,38,106
Jammu & Kashmir,Bandipora,618,66,105
Himachal Pradesh,BADDIPOLICEDIST,611,44,63
Bihar,MUZAFFARPUR RLY.,606,4,40
Arunachal Pradesh,PAPUM PARE,600,63,113
Tamil Nadu,CHENNAI RLY.,598,6,30
Odisha,Boudh,596,111,217
Bihar,Muzaffarpur Railway,596,5,36
Tripura,NORTH,592,188,115
Sikkim,East,589,35,76
Jharkhand,LOHARDAGGA,584,74,106
Punjab,Pathankot,582,106,50
Jammu & Kashmir,SOPORE,578,86,150
Manipur,IMPHAL EAST,577,29,117
Uttar Pradesh,St.Ravidasnagar,574,95,97
Nagaland,DIMAPUR,572,38,146
Jammu & Kashmir,Handwara,562,85,128
A&N Islands,South Andaman,556,63,79
Jammu & Kashmir,GANDERBAL,553,78,113
Madhya Pradesh,Indore Railway,552,13,25
Uttar Pradesh,Balrampur,549,62,169
Odisha,SRP (Cuttack),546,11,33
Jharkhand,Lohardagga,536,74,150
Meghalaya,Garo Hills West,532,39,158
Manipur,THOUBAL,524,42,131
Gujarat,W.RLY VADODARA,522,7,24
Jharkhand,SIMDEGA,513,51,190
Jammu & Kashmir,HANDWARA,513,97,131
Nagaland,Dimapur,512,26,120
Uttar Pradesh,ST.RAVIDASNAGAR,512,57,87
Tripura,North,510,152,110
Kerala,Railways,508,84,91
Jammu & Kashmir,Shopian,501,33,118
Maharashtra,PUNE RLY.,498,10,48
Odisha,MALKANGIR,494,76,165
Andhra Pradesh,Guntakal Railway,490,0,24
Odisha,SRP(CUTTACK),482,4,22
Odisha,DEOGARH,478,79,114
Jammu & Kashmir,Ganderbal,473,57,88
Madhya Pradesh,INDORE RLY.,471,13,27
Odisha,SRP (Rourkela),460,12,44
Odisha,Gajapati,460,119,165
Gujarat,W.Rly  Ahmedabad,454,8,29
Delhi UT,IGI Airport,453,16,19
West Bengal,Howrah Rural,445,17,44
Odisha,SRP(ROURKELA),443,16,42
Chhattisgarh,Dantewara,442,26,74
Sikkim,EAST,440,41,66
Punjab,PATHANKOT,437,53,57
Tripura,UNAKOTI,433,112,92
A&N Islands,SOUTH,432,64,73
Jammu & Kashmir,PULWAMA,429,41,77
Tripura,KHOWAI,425,113,86
Odisha,GAJAPATI,424,119,143
Jharkhand,Simdega,421,43,152
Odisha,Malkangiri,420,73,162
Punjab,G.R.P,419,7,26
Jharkhand,Khunti,419,23,143
West Bengal,HOWRAH G.R.P.,415,15,34
Jharkhand,DHANBAD RLY.,409,11,42
Tripura,Unakoti,401,106,85
Meghalaya,GARO HILLS WEST,400,37,86
Chhattisgarh,G. R. P. Raipur,400,13,24
Tripura,DHALAI,394,107,95
Jammu & Kashmir,KISHTWAR,391,50,62
Jammu & Kashmir,Awantipora,389,26,62
Jammu & Kashmir,Kishtwar,388,38,54
Jammu & Kashmir,SHOPIAN,387,38,75
Jharkhand,KHUNTI,382,26,150
Gujarat,W.RLY AHMEDABAD,381,7,30
Punjab,G. R. P.,372,4,20
Chhattisgarh,DANTEWARA,370,19,69
Kerala,RAILWAYS,368,45,41
Jharkhand,Dhanbad Railway,365,8,44
Tripura,Dhalai,363,125,124
Meghalaya,Ri-Bhoi,360,39,80
Jammu & Kashmir,Pulwama,354,34,71
Delhi UT,IGI AIRPORT,351,14,12
Chhattisgarh,Bizapur,343,10,138
Meghalaya,RI-BHOI,341,37,88
Tripura,Kowai,338,84,68
Jammu & Kashmir,AWANTIPORA,332,28,52
Arunachal Pradesh,LOHIT,330,22,77
Assam,G. R. P.,319,1,25
Chhattisgarh,BIZAPUR,318,14,124
Assam,G.R.P.,317,0,27
D&N Haveli,D&N HAVELI,314,8,26
Bihar,Katihar Railway,313,11,42
Uttarakhand,PAURI GARHWAL,307,29,75
Manipur,Bishnupur,307,18,62
Bihar,JAMALPUR RLY.,306,2,22
Andhra Pradesh,GUNTAKAL RLY.,301,5,5
Assam,N. C. Hills,299,12,140
Bihar,Jamalpur Railway,298,3,23
Meghalaya,JAINTIA HILLS WEST,293,36,69
Meghalaya,JAINTIA HILLS EAST,292,17,75
Meghalaya,Jaintia Hills West,292,19,58
Sikkim,South,290,31,37
Gujarat,Dang,283,41,26
Meghalaya,Jaintia Hills East,281,18,62
Arunachal Pradesh,Lohit,280,21,68
Uttarakhand,Pauri Garhwal,278,37,93
D&N Haveli,D&N Haveli,277,14,30
Meghalaya,Khasi Hills West,271,23,57
Bihar,KATIHAR RLY.,266,4,32
Chhattisgarh,GRP RAIPUR,266,6,14
Assam,N.C.HILLS,265,8,72
Arunachal Pradesh,SIANG WEST,263,21,44
Mizoram,Kolasib,263,21,29
Arunachal Pradesh,Siang West,249,28,37
Assam,HAMREN,248,14,41
Delhi UT,EOW,248,2,2
Sikkim,SOUTH,248,24,39
Gujarat,AHWA-DANG,248,32,24
Arunachal Pradesh,Siang East,245,36,45
West Bengal,SILIGURI G.R.P.,242,13,20
Chhattisgarh,Sukma,240,13,94
Mizoram,Champhai,238,51,36
Arunachal Pradesh,Subansiri Upper,234,24,34
Manipur,BISHNUPUR,234,11,37
Tamil Nadu,Railway Trichy,229,0,15
Tamil Nadu,TRICHY RLY.,223,3,28
Chhattisgarh,Narayanpur,222,14,62
West Bengal,Siliguri G. R. P.,220,10,26
Jharkhand,JAMSHEDPUR RLY.,219,8,25
Arunachal Pradesh,SIANG EAST,217,17,36
Daman & Diu,DAMAN,217,11,38
West Bengal,Kharagpur G. R. P.,213,6,18
Chhattisgarh,SUKMA,213,16,76
Himachal Pradesh,Kinnaur,211,19,23
Delhi UT,CAW,203,203,1
Nagaland,Kohima,199,9,29
Rajasthan,G.R.P.Jodhpur,198,8,17
Daman & Diu,Daman,198,5,29
Haryana,Irrigation & Power,192,0,0
West Bengal,KHARAGPUR G.R.P.,190,12,21
Arunachal Pradesh,CHANGLANG,189,8,36
Chhattisgarh,NARAYANPUR,189,15,55
Mizoram,CHAMPHAI,189,17,24
Jharkhand,Jamshedpur Railway,188,2,22
Meghalaya,GARO HILLS EAST,188,11,66
Kerala,Crime Branch,185,11,36
Arunachal Pradesh,Changlang,180,6,35
Meghalaya,KHASI HILLS WEST,177,26,61
Mizoram,KOLASIB,176,16,28
Mizoram,Lunglei,175,27,42
Himachal Pradesh,KINNAUR,173,18,19
Uttarakhand,ALMORA,172,29,52
Arunachal Pradesh,KAMENG EAST,169,8,36
Meghalaya,Garo Hills South,167,9,85
Jammu & Kashmir,Leh,166,9,11
Meghalaya,Garo Hills North,165,12,68
Arunachal Pradesh,KAMENG WEST,164,2,17
Arunachal Pradesh,SUBANSIRI UPPER,164,18,34
Nagaland,KOHIMA,162,5,50
Delhi UT,SPUWAC,161,160,0
Arunachal Pradesh,Subansiri Lower,160,10,33
Meghalaya,Garo Hills East,159,7,31
A&N Islands,North & Middle Andaman,159,30,38
Jammu & Kashmir,LEH,156,5,5
A&N Islands,NORTH,156,21,23
Rajasthan,G.R.P.JODHPUR,155,3,9
Mizoram,LUNGLEI,154,28,36
Meghalaya,GARO HILLS SOUTH,152,10,65
Arunachal Pradesh,Kameng East,148,7,25
Arunachal Pradesh,Kameng West,140,11,24
Uttarakhand,Almora,139,17,58
Manipur,Churachandpur,130,8,38
Sikkim,WEST,128,11,15
Sikkim,West,127,19,26
Uttarakhand,Chamoli,126,17,26
Manipur,Tamenglong,125,0,32
Manipur,SENAPATI,123,1,31
Uttarakhand,Tehri Garhwal,122,14,32
Manipur,Senapati,121,3,30
Uttarakhand,CHAMOLI,119,17,60
Arunachal Pradesh,Tirap,117,5,30
Uttarakhand,Pithoragarh,117,27,36
Uttarakhand,PITHORAGARH,117,20,44
Mizoram,Mamit,116,18,20
Meghalaya,GARO HILLS NORTH,115,2,41
Uttarakhand,TEHRI GARHWAL,114,7,39
Goa,C. I. D.,112,7,6
Arunachal Pradesh,SUBANSIRI LOWER,109,8,17
Arunachal Pradesh,RURAL,109,9,27
Jammu & Kashmir,KARGIL,108,1,4
Manipur,CHURACHANDPUR,106,2,23
Jammu & Kashmir,Kargil,105,2,5
Manipur,UKHRUL,105,4,33
Uttarakhand,RUDRA PRAYAG,101,16,34
Mizoram,Lawngtlai,98,14,21
Mizoram,Serchhip,98,15,19
Uttarakhand,Rudra Prayag,97,16,27
Uttarakhand,CHAMPAWAT,97,7,28
Arunachal Pradesh,Papum Pare Rural,96,4,26
Uttarakhand,Champawat,96,20,16
Arunachal Pradesh,TIRAP,93,5,23
Uttarakhand,UTTARKASHI,92,9,34
Meghalaya,GARO HILLS SOUTH W.,92,15,39
Arunachal Pradesh,Longding,92,6,25
Uttarakhand,Uttarkashi,92,25,35
Arunachal Pradesh,DIBANG VALLEY,91,2,15
Mizoram,LAWNGTLAI,90,9,12
Nagaland,Wokha,90,0,21
Manipur,TAMENGLONG,90,1,22
Mizoram,MAMIT,88,10,19
Nagaland,MOKOKCHUNG,88,3,23
Mizoram,SERCHHIP,88,11,13
Himachal Pradesh,LAHAUL-SPITI,87,2,2
Nagaland,WOKHA,87,0,12
Assam,R.P.O.,85,9,20
Uttarakhand,BAGESHWAR,84,9,25
Himachal Pradesh,Lahaul & Spiti,84,0,3
Meghalaya,KHASI HILLS SOUTH W.,82,15,34
Nagaland,PHEK,82,4,20
Lakshadweep,Lakshadweep,81,4,2
Nagaland,Zunheboto,80,3,16
Delhi UT,CRIME BRANCH,80,4,13
Arunachal Pradesh,LONGDING,78,3,9
Uttarakhand,Bageshwar,77,9,13
Nagaland,Phek,75,4,22
Arunachal Pradesh,Lower Dibang Valley,75,3,16
Mizoram,Saiha,73,6,10
Manipur,Chandel,70,1,14
Arunachal Pradesh,SIANG UPPER,69,4,12
Mizoram,SAIHA,67,5,6
Nagaland,Mokokchung,67,3,15
Meghalaya,Garo Hills South West,65,14,32
Meghalaya,Khasi Hills South West,60,20,21
Manipur,Ukhrul,58,1,25
Assam,C.I.D.,58,0,1
Nagaland,TUENSANG,56,1,5
Manipur,CHANDEL,53,1,18
Delhi UT,Crime Branch,52,2,6
Sikkim,North,52,4,4
Nagaland,MON,50,1,13
Arunachal Pradesh,Kukung Kumey,49,4,11
Nagaland,Tuensang,48,1,3
Nagaland,ZUNHEBOTO,48,0,12
Arunachal Pradesh,TAWANG,47,9,9
Jammu & Kashmir,Crime Srinagar,43,1,2
Nagaland,KIPHIRE,42,2,14
Arunachal Pradesh,K/KUMEY,41,1,6
Lakshadweep,LAKSHADWEEP,40,3,3
Arunachal Pradesh,Tawang,40,1,5
Arunachal Pradesh,Siang Upper,40,2,4
Nagaland,Mon,39,1,10
Sikkim,NORTH,35,1,1
Daman & Diu,Diu,35,1,4
A&N Islands,Nicobar,31,2,3
Jammu & Kashmir,CRIME SRINAGAR,30,0,0
Arunachal Pradesh,Anjaw,29,1,2
Daman & Diu,DIU,29,1,6
Arunachal Pradesh,ANJAW,28,0,3
A&N Islands,CAR,24,5,3
Himachal Pradesh,G.R.P.,20,1,3
Mizoram,Spl Traffic,20,0,0
Jammu & Kashmir,RAILWAYS JAMMU,20,1,3
Nagaland,Peren,19,1,2
Jammu & Kashmir,CRIME JAMMU,19,0,0
Jammu & Kashmir,RAILWAYS KASHMIR,19,2,0
Jammu & Kashmir,Railways Jammu,16,3,2
Nagaland,PEREN,15,1,3
Nagaland,Longleng,15,1,4
Delhi UT,STF,15,0,5
Arunachal Pradesh,UPPER DIBANG VALLEY,15,0,3
Nagaland,LONGLENG,14,0,2
Tripura,GRP,14,0,1
Delhi UT,Spl Cell,14,0,1
Jammu & Kashmir,Crime Jammu,14,0,0
Jammu & Kashmir,Railways Kashmir,13,2,2
Assam,STF,13,0,0
Nagaland,Kiphire,13,1,4
Mizoram,TRAFFIC PS,12,0,0
Bihar,Economic Offences Unit,11,0,0
Himachal Pradesh,CID,10,1,1
Himachal Pradesh,G. R. P.,9,0,1
Tripura,G. R. P.,9,2,2
Gujarat,C. I. D. Crime,8,0,2
Gujarat,CID CRIME,8,0,1
Sikkim,CID,7,0,0
Assam,BIEO,7,0,0
Jammu & Kashmir,Railways Katra,6,1,0
Arunachal Pradesh,Dibang Valley,4,1,1
Arunachal Pradesh,Crime Branch,4,0,0
Himachal Pradesh,C. I. D.,4,1,1
Tamil Nadu,Cyber Cell,3,0,0
Mizoram,SPL NARCOTIC,1,0,0
Jammu & Kashmir,RAILWAYS KATRA,1,0,0
Manipur,CID,0,0,0
Rajasthan,DISCOM,0,0,0
Delhi UT,Vigilance,0,0,0
Bihar,Anti Terrorist Squad,0,0,0
Manipur,C. I. D.,0,0,0
Tamil Nadu,Other Units,0,0,0
Madhya Pradesh,Cyber Cell,0,0,0
