State/ UT,Sl. No.,District/ Area,Year,Rape,Attempt to commit Rape,Kidnapping & Abduction_Total,Dowry Deaths,Assault on Women with intent to outrage her Modesty_Total,Insult to the Modesty of Women_Total,Cruelty by Husband or his Relatives,Importation of Girls from Foreign Country,Abetment of Suicides of Women,"Dowry Prohibition Act, 1961","Indecent Representation of Women (P) Act, 1986",Protection of Children from Sexual Offences Act,"Protection of Women from Domestic Violence Act, 2005",Immoral Traffic Prevention Act,Total Crimes against Women
Andhra Pradesh,1,Anantapur,2015.0,32.0,15.0,57.0,12.0,325.0,8.0,276.0,0.0,62.0,157.0,0.0,0.0,0.0,8.0,952.0
Andhra Pradesh,2,Chittoor,2015.0,31.0,0.0,20.0,10.0,94.0,1.0,202.0,0.0,0.0,0.0,0.0,0.0,0.0,8.0,366.0
Andhra Pradesh,3,Cuddapah,2015.0,34.0,7.0,17.0,6.0,211.0,82.0,317.0,0.0,3.0,11.0,0.0,0.0,0.0,2.0,690.0
Andhra Pradesh,4,East Godavari,2015.0,104.0,19.0,25.0,13.0,574.0,150.0,522.0,0.0,0.0,3.0,9.0,0.0,0.0,19.0,1438.0
Andhra Pradesh,5,Guntakal Railway,2015.0,1.0,0.0,0.0,0.0,0.0,0.0,0.0,0.0,0.0,0.0,0.0,0.0,0.0,0.0,1.0
Andhra Pradesh,6,Guntur,2015.0,67.0,27.0,42.0,13.0,298.0,338.0,483.0,0.0,49.0,0.0,0.0,0.0,0.0,8.0,1325.0
Andhra Pradesh,7,Guntur Urban,2015.0,34.0,5.0,68.0,11.0,159.0,217.0,333.0,0.0,22.0,0.0,1.0,0.0,0.0,24.0,874.0
Andhra Pradesh,8,Krishna,2015.0,77.0,28.0,19.0,17.0,422.0,200.0,575.0,0.0,43.0,0.0,0.0,0.0,0.0,6.0,1387.0
Andhra Pradesh,9,Kurnool,2015.0,40.0,7.0,34.0,19.0,479.0,557.0,400.0,0.0,53.0,130.0,0.0,0.0,0.0,0.0,1719.0
Andhra Pradesh,10,Nellore,2015.0,69.0,18.0,64.0,5.0,314.0,132.0,422.0,0.0,34.0,0.0,0.0,0.0,0.0,5.0,1063.0
Andhra Pradesh,11,Prakasham,2015.0,67.0,11.0,44.0,10.0,276.0,12.0,427.0,0.0,38.0,1.0,2.0,0.0,0.0,18.0,906.0
Andhra Pradesh,12,Rajahmundry,2015.0,29.0,2.0,16.0,1.0,120.0,56.0,207.0,0.0,4.0,0.0,0.0,0.0,0.0,0.0,435.0
Andhra Pradesh,13,Srikakulam,2015.0,47.0,5.0,28.0,6.0,119.0,21.0,214.0,0.0,16.0,0.0,0.0,0.0,0.0,4.0,460.0
Andhra Pradesh,14,Tirupathi Urban,2015.0,20.0,3.0,16.0,7.0,40.0,22.0,106.0,0.0,6.0,0.0,0.0,0.0,0.0,8.0,228.0
Andhra Pradesh,15,Vijayawada City,2015.0,53.0,2.0,26.0,11.0,196.0,123.0,181.0,0.0,24.0,0.0,0.0,0.0,0.0,25.0,641.0
Andhra Pradesh,16,Vijayawada Railway,2015.0,2.0,0.0,0.0,1.0,7.0,8.0,0.0,0.0,4.0,0.0,0.0,0.0,0.0,0.0,22.0
Andhra Pradesh,17,Visakha Rural,2015.0,39.0,0.0,23.0,3.0,107.0,43.0,128.0,0.0,0.0,0.0,0.0,0.0,0.0,0.0,343.0
Andhra Pradesh,18,Visakhapatnam,2015.0,87.0,2.0,126.0,7.0,257.0,9.0,383.0,0.0,0.0,0.0,0.0,0.0,0.0,31.0,902.0
Andhra Pradesh,19,Vizianagaram,2015.0,34.0,0.0,11.0,5.0,191.0,91.0,282.0,0.0,3.0,1.0,0.0,0.0,0.0,7.0,625.0
Andhra Pradesh,20,West Godavari,2015.0,160.0,55.0,48.0,17.0,427.0,130.0,663.0,0.0,23.0,0.0,0.0,0.0,0.0,31.0,1554.0
Arunachal Pradesh,1,Anjaw,2015.0,0.0,0.0,0.0,0.0,0.0,0.0,0.0,0.0,0.0,0.0,0.0,0.0,0.0,0.0,0.0
Arunachal Pradesh,2,Changlang,2015.0,5.0,0.0,7.0,0.0,5.0,0.0,4.0,0.0,0.0,0.0,0.0,0.0,0.0,0.0,21.0
Arunachal Pradesh,3,Crime Branch,2015.0,1.0,0.0,0.0,0.0,0.0,0.0,0.0,0.0,0.0,0.0,0.0,0.0,0.0,0.0,1.0
Arunachal Pradesh,4,Dibang Valley,2015.0,0.0,0.0,0.0,0.0,1.0,0.0,0.0,0.0,0.0,0.0,0.0,0.0,0.0,0.0,1.0
Arunachal Pradesh,5,Kameng East,2015.0,4.0,0.0,1.0,0.0,7.0,0.0,0.0,0.0,0.0,0.0,0.0,0.0,0.0,0.0,12.0
Arunachal Pradesh,6,Kameng West,2015.0,1.0,0.0,3.0,0.0,5.0,0.0,1.0,0.0,0.0,0.0,0.0,0.0,0.0,0.0,10.0
Arunachal Pradesh,7,Kurung Kumey,2015.0,2.0,0.0,3.0,0.0,0.0,0.0,0.0,0.0,0.0,0.0,0.0,0.0,0.0,0.0,5.0
Arunachal Pradesh,8,Lohit,2015.0,6.0,0.0,21.0,0.0,12.0,0.0,4.0,0.0,0.0,0.0,0.0,0.0,0.0,0.0,43.0
Arunachal Pradesh,9,Longding,2015.0,0.0,0.0,0.0,0.0,0.0,0.0,0.0,0.0,0.0,0.0,0.0,0.0,0.0,0.0,0.0
Arunachal Pradesh,10,Lower Dibang Valley,2015.0,1.0,1.0,6.0,0.0,3.0,0.0,0.0,0.0,0.0,0.0,0.0,0.0,0.0,0.0,11.0
Arunachal Pradesh,11,Papum Pare City,2015.0,17.0,0.0,62.0,0.0,25.0,2.0,30.0,0.0,0.0,0.0,0.0,0.0,0.0,1.0,137.0
Arunachal Pradesh,12,Papum Pare Rural,2015.0,1.0,0.0,2.0,0.0,2.0,0.0,1.0,0.0,0.0,0.0,0.0,0.0,0.0,0.0,6.0
Arunachal Pradesh,13,Siang East,2015.0,10.0,5.0,9.0,0.0,15.0,0.0,8.0,0.0,0.0,0.0,0.0,0.0,0.0,0.0,47.0
Arunachal Pradesh,14,Siang Upper,2015.0,1.0,0.0,1.0,0.0,3.0,0.0,2.0,0.0,0.0,0.0,0.0,0.0,0.0,0.0,7.0
Arunachal Pradesh,15,Siang West,2015.0,12.0,0.0,6.0,0.0,6.0,0.0,4.0,0.0,0.0,0.0,0.0,0.0,0.0,1.0,29.0
Arunachal Pradesh,16,Subansiri Lower,2015.0,6.0,0.0,0.0,0.0,2.0,0.0,3.0,0.0,0.0,0.0,0.0,0.0,0.0,0.0,11.0
Arunachal Pradesh,17,Subansiri Upper,2015.0,1.0,3.0,1.0,0.0,11.0,0.0,8.0,0.0,2.0,0.0,0.0,0.0,0.0,0.0,26.0
Arunachal Pradesh,18,Tawang,2015.0,0.0,0.0,0.0,0.0,1.0,0.0,1.0,0.0,0.0,0.0,0.0,0.0,0.0,0.0,2.0
Arunachal Pradesh,19,Tirap,2015.0,2.0,0.0,6.0,0.0,2.0,0.0,0.0,0.0,0.0,0.0,0.0,0.0,0.0,0.0,10.0
Arunachal Pradesh,20,Siang,2015.0,1.0,3.0,0.0,0.0,1.0,0.0,0.0,0.0,0.0,0.0,0.0,0.0,0.0,0.0,5.0
Assam,1,B. I. E. O.,2015.0,0.0,0.0,0.0,0.0,0.0,0.0,0.0,0.0,0.0,0.0,0.0,0.0,0.0,0.0,0.0
Assam,2,Barpeta,2015.0,124.0,176.0,373.0,22.0,461.0,20.0,1503.0,0.0,0.0,0.0,0.0,0.0,0.0,3.0,2682.0
Assam,3,Baksa,2015.0,46.0,12.0,128.0,4.0,96.0,4.0,78.0,0.0,0.0,5.0,0.0,0.0,0.0,1.0,374.0
Assam,4,Bongaigaon,2015.0,37.0,0.0,131.0,14.0,15.0,0.0,175.0,0.0,0.0,0.0,0.0,0.0,0.0,0.0,372.0
Assam,5,C. I. D.,2015.0,0.0,0.0,0.0,0.0,0.0,0.0,0.0,0.0,0.0,0.0,0.0,0.0,0.0,1.0,1.0
Assam,6,Cachar,2015.0,59.0,9.0,234.0,8.0,70.0,0.0,597.0,0.0,0.0,4.0,0.0,0.0,0.0,5.0,986.0
Assam,7,Chirang,2015.0,18.0,0.0,44.0,3.0,27.0,4.0,106.0,0.0,0.0,0.0,0.0,0.0,0.0,0.0,202.0
Assam,8,Darrang,2015.0,77.0,13.0,198.0,10.0,502.0,0.0,432.0,0.0,0.0,4.0,0.0,0.0,0.0,1.0,1237.0
Assam,9,Dhemaji,2015.0,34.0,13.0,44.0,6.0,94.0,3.0,139.0,0.0,0.0,0.0,0.0,0.0,0.0,4.0,337.0
Assam,10,Dhubri,2015.0,158.0,67.0,399.0,19.0,434.0,1.0,911.0,0.0,0.0,30.0,0.0,0.0,0.0,2.0,2021.0
Assam,11,Dibrugarh,2015.0,29.0,0.0,184.0,3.0,84.0,0.0,380.0,0.0,0.0,0.0,0.0,0.0,0.0,0.0,680.0
Assam,12,G. R. P.,2015.0,0.0,0.0,4.0,0.0,4.0,0.0,0.0,0.0,0.0,0.0,0.0,0.0,0.0,0.0,8.0
Assam,13,Goalpara,2015.0,84.0,18.0,62.0,3.0,238.0,0.0,691.0,0.0,0.0,0.0,0.0,0.0,0.0,0.0,1096.0
Assam,14,Golaghat,2015.0,56.0,11.0,167.0,5.0,120.0,0.0,292.0,0.0,0.0,0.0,0.0,0.0,0.0,1.0,652.0
Assam,15,Guwahati City,2015.0,80.0,9.0,651.0,12.0,239.0,59.0,677.0,0.0,0.0,0.0,0.0,0.0,0.0,12.0,1739.0
Assam,16,Hailakandi,2015.0,90.0,0.0,89.0,4.0,203.0,3.0,279.0,0.0,0.0,0.0,0.0,0.0,0.0,0.0,668.0
Assam,17,Hamren,2015.0,10.0,0.0,16.0,0.0,0.0,0.0,33.0,0.0,0.0,0.0,0.0,0.0,0.0,0.0,59.0
Assam,18,Jorhat,2015.0,53.0,10.0,176.0,5.0,161.0,13.0,292.0,0.0,0.0,0.0,0.0,0.0,0.0,1.0,711.0
Assam,19,Kamrup,2015.0,82.0,6.0,207.0,12.0,139.0,0.0,416.0,0.0,0.0,0.0,0.0,0.0,0.0,0.0,862.0
Assam,20,Karbi Anglong,2015.0,37.0,7.0,68.0,2.0,20.0,0.0,38.0,0.0,0.0,0.0,0.0,0.0,0.0,0.0,172.0
Assam,21,Karimganj,2015.0,65.0,0.0,136.0,13.0,246.0,0.0,242.0,0.0,0.0,0.0,0.0,0.0,0.0,0.0,702.0
Assam,22,Kokrajhar,2015.0,32.0,0.0,98.0,2.0,122.0,0.0,223.0,0.0,0.0,0.0,0.0,0.0,0.0,0.0,477.0
Assam,23,Lakhimpur,2015.0,69.0,23.0,182.0,10.0,74.0,0.0,377.0,0.0,0.0,0.0,0.0,0.0,0.0,0.0,735.0
Assam,24,Morigaon,2015.0,86.0,7.0,182.0,2.0,146.0,0.0,414.0,0.0,0.0,0.0,0.0,0.0,0.0,0.0,837.0
Assam,25,Dima Hasao,2015.0,5.0,1.0,16.0,0.0,5.0,0.0,3.0,0.0,0.0,0.0,0.0,0.0,0.0,2.0,32.0
Assam,26,Nagaon,2015.0,95.0,45.0,328.0,19.0,105.0,0.0,890.0,0.0,0.0,0.0,0.0,0.0,0.0,4.0,1486.0
Assam,27,Nalbari,2015.0,36.0,0.0,102.0,3.0,43.0,1.0,188.0,0.0,0.0,0.0,0.0,0.0,0.0,0.0,373.0
Assam,28,R. P. O.,2015.0,8.0,0.0,3.0,0.0,3.0,0.0,11.0,0.0,0.0,0.0,0.0,0.0,0.0,0.0,25.0
Assam,29,S. T. F.,2015.0,0.0,0.0,0.0,0.0,0.0,0.0,0.0,0.0,0.0,0.0,0.0,0.0,0.0,0.0,0.0
Assam,30,Sibsagar,2015.0,35.0,6.0,290.0,2.0,249.0,0.0,331.0,0.0,0.0,3.0,0.0,0.0,0.0,3.0,919.0
Assam,31,Sonitpur,2015.0,43.0,25.0,136.0,10.0,28.0,0.0,503.0,0.0,0.0,0.0,0.0,0.0,0.0,1.0,746.0
Assam,32,Tinsukia,2015.0,27.0,14.0,14.0,2.0,42.0,0.0,185.0,0.0,0.0,49.0,0.0,0.0,0.0,0.0,333.0
Assam,33,Udalguri,2015.0,22.0,0.0,63.0,4.0,30.0,0.0,76.0,0.0,0.0,0.0,0.0,0.0,0.0,0.0,195.0
Assam,34,Sadia,2015.0,10.0,0.0,6.0,0.0,4.0,0.0,14.0,0.0,0.0,0.0,0.0,0.0,0.0,0.0,34.0
Assam,35,Majuli,2015.0,5.0,0.0,6.0,0.0,14.0,0.0,19.0,0.0,0.0,0.0,0.0,0.0,0.0,0.0,44.0
Assam,36,Biswanath,2015.0,34.0,0.0,106.0,3.0,28.0,0.0,212.0,0.0,0.0,0.0,0.0,0.0,0.0,5.0,388.0
Assam,37,Hojai,2015.0,44.0,15.0,138.0,7.0,117.0,3.0,295.0,0.0,0.0,0.0,0.0,0.0,0.0,0.0,619.0
Assam,38,South Salmara,2015.0,43.0,12.0,58.0,7.0,130.0,0.0,203.0,0.0,0.0,0.0,0.0,0.0,0.0,1.0,454.0
Bihar,1,Araria,2015.0,50.0,4.0,81.0,23.0,0.0,0.0,60.0,0.0,0.0,12.0,0.0,0.0,0.0,0.0,230.0
Bihar,2,Arwal,2015.0,10.0,3.0,28.0,15.0,10.0,1.0,38.0,0.0,0.0,18.0,0.0,0.0,0.0,0.0,123.0
Bihar,3,Aurangabad,2015.0,21.0,6.0,46.0,45.0,1.0,0.0,95.0,0.0,0.0,57.0,0.0,0.0,0.0,0.0,271.0
Bihar,4,Bagaha,2015.0,12.0,5.0,68.0,13.0,5.0,0.0,40.0,0.0,0.0,22.0,0.0,0.0,0.0,0.0,165.0
Bihar,5,Banka,2015.0,11.0,23.0,76.0,16.0,0.0,0.0,63.0,0.0,0.0,45.0,0.0,0.0,0.0,0.0,234.0
Bihar,6,Begusarai,2015.0,24.0,34.0,134.0,30.0,0.0,0.0,71.0,0.0,0.0,41.0,0.0,0.0,0.0,3.0,337.0
Bihar,7,Bettiah,2015.0,37.0,44.0,155.0,17.0,0.0,0.0,52.0,0.0,0.0,115.0,0.0,0.0,0.0,1.0,421.0
Bihar,8,Bhabhua,2015.0,20.0,3.0,64.0,20.0,0.0,0.0,70.0,0.0,0.0,33.0,0.0,0.0,0.0,0.0,210.0
Bihar,9,Bhagalpur,2015.0,33.0,7.0,185.0,23.0,30.0,0.0,117.0,0.0,0.0,2.0,0.0,0.0,0.0,0.0,397.0
Bihar,10,Bhojpur,2015.0,12.0,18.0,89.0,43.0,6.0,0.0,0.0,0.0,0.0,125.0,0.0,0.0,0.0,0.0,293.0
Bihar,11,Buxar,2015.0,14.0,0.0,63.0,26.0,6.0,0.0,82.0,0.0,0.0,23.0,0.0,0.0,0.0,0.0,214.0
Bihar,12,Darbhanga,2015.0,35.0,19.0,217.0,26.0,0.0,8.0,201.0,0.0,0.0,0.0,0.0,0.0,0.0,1.0,507.0
Bihar,13,Gaya,2015.0,26.0,3.0,196.0,54.0,0.0,0.0,147.0,0.0,0.0,123.0,0.0,0.0,161.0,2.0,712.0
Bihar,14,Gopalganj,2015.0,13.0,11.0,135.0,34.0,0.0,0.0,168.0,0.0,0.0,0.0,0.0,0.0,0.0,0.0,361.0
Bihar,15,Jamalpur Railway,2015.0,0.0,1.0,0.0,0.0,3.0,0.0,0.0,0.0,0.0,0.0,0.0,0.0,0.0,0.0,4.0
Bihar,16,Jamui,2015.0,10.0,13.0,40.0,10.0,28.0,0.0,73.0,0.0,0.0,0.0,0.0,0.0,0.0,0.0,174.0
Bihar,17,Jehanabad,2015.0,15.0,8.0,54.0,23.0,1.0,0.0,34.0,0.0,0.0,31.0,0.0,0.0,0.0,0.0,166.0
Bihar,18,Katihar,2015.0,66.0,22.0,147.0,10.0,0.0,0.0,76.0,0.0,0.0,71.0,0.0,0.0,0.0,1.0,393.0
Bihar,19,Katihar Railway,2015.0,0.0,0.0,1.0,0.0,0.0,0.0,0.0,0.0,0.0,0.0,0.0,0.0,0.0,0.0,1.0
Bihar,20,Khagaria,2015.0,18.0,13.0,80.0,16.0,2.0,0.0,74.0,0.0,0.0,24.0,0.0,0.0,0.0,0.0,227.0
Bihar,21,Kishanganj,2015.0,59.0,3.0,89.0,11.0,8.0,0.0,73.0,0.0,0.0,14.0,0.0,0.0,0.0,3.0,260.0
Bihar,22,Lakhisarai,2015.0,10.0,19.0,38.0,7.0,0.0,0.0,18.0,0.0,0.0,61.0,0.0,0.0,0.0,0.0,153.0
Bihar,23,Madhepura,2015.0,20.0,3.0,79.0,12.0,0.0,0.0,42.0,0.0,0.0,0.0,0.0,0.0,0.0,0.0,156.0
Bihar,24,Madhubani,2015.0,47.0,0.0,202.0,31.0,1.0,0.0,217.0,0.0,0.0,0.0,0.0,0.0,0.0,0.0,498.0
Bihar,25,Motihari,2015.0,23.0,0.0,251.0,79.0,1.0,0.0,154.0,0.0,0.0,60.0,0.0,0.0,0.0,0.0,568.0
Bihar,26,Munger,2015.0,8.0,3.0,43.0,7.0,6.0,0.0,43.0,0.0,0.0,0.0,0.0,0.0,0.0,1.0,111.0
Bihar,27,Muzaffarpur,2015.0,37.0,52.0,208.0,53.0,5.0,0.0,244.0,0.0,0.0,190.0,0.0,0.0,0.0,0.0,789.0
Bihar,28,Muzaffarpur Railway,2015.0,4.0,0.0,6.0,0.0,4.0,0.0,1.0,0.0,0.0,0.0,0.0,0.0,0.0,0.0,15.0
Bihar,29,Nalanda,2015.0,29.0,0.0,193.0,54.0,2.0,0.0,195.0,0.0,0.0,71.0,0.0,0.0,0.0,0.0,544.0
Bihar,30,Naugachia,2015.0,5.0,1.0,32.0,7.0,19.0,4.0,13.0,0.0,0.0,28.0,0.0,0.0,0.0,0.0,109.0
Bihar,31,Nawadah,2015.0,27.0,1.0,106.0,29.0,0.0,0.0,37.0,0.0,0.0,63.0,0.0,0.0,0.0,0.0,263.0
Bihar,32,Patna,2015.0,82.0,29.0,644.0,104.0,11.0,83.0,474.0,0.0,0.0,231.0,0.0,0.0,0.0,5.0,1663.0
Bihar,33,Patna Railway,2015.0,1.0,0.0,5.0,1.0,20.0,0.0,0.0,0.0,0.0,0.0,0.0,0.0,0.0,0.0,27.0
Bihar,34,Purnea,2015.0,44.0,0.0,111.0,16.0,0.0,0.0,54.0,0.0,0.0,44.0,0.0,0.0,0.0,0.0,269.0
Bihar,35,Rohtas,2015.0,29.0,10.0,108.0,41.0,3.0,0.0,68.0,0.0,0.0,0.0,0.0,0.0,0.0,0.0,259.0
Bihar,36,Saharsa,2015.0,19.0,0.0,86.0,3.0,0.0,0.0,49.0,0.0,0.0,17.0,0.0,0.0,0.0,0.0,174.0
Bihar,37,Samastipur,2015.0,34.0,0.0,183.0,34.0,0.0,0.0,102.0,0.0,0.0,52.0,0.0,0.0,0.0,0.0,405.0
Bihar,38,Saran,2015.0,29.0,10.0,222.0,73.0,1.0,0.0,58.0,0.0,0.0,128.0,0.0,0.0,0.0,0.0,521.0
Bihar,39,Sheikhpura,2015.0,1.0,8.0,24.0,13.0,17.0,0.0,28.0,0.0,0.0,22.0,0.0,0.0,0.0,0.0,113.0
Bihar,40,Sheohar,2015.0,5.0,0.0,25.0,4.0,6.0,0.0,18.0,0.0,0.0,0.0,0.0,0.0,0.0,0.0,58.0
Bihar,41,Sitamarhi,2015.0,22.0,12.0,180.0,14.0,0.0,0.0,196.0,0.0,0.0,0.0,0.0,0.0,0.0,0.0,424.0
Bihar,42,Siwan,2015.0,21.0,0.0,136.0,41.0,0.0,0.0,38.0,0.0,0.0,110.0,0.0,0.0,0.0,0.0,346.0
Bihar,43,Supaul,2015.0,22.0,15.0,99.0,14.0,2.0,0.0,72.0,0.0,0.0,34.0,0.0,0.0,0.0,0.0,258.0
Bihar,44,Vaishali,2015.0,36.0,0.0,229.0,62.0,0.0,0.0,137.0,0.0,0.0,0.0,0.0,0.0,0.0,4.0,468.0
Bihar,45,Economic Offences Unit,2015.0,0.0,0.0,0.0,0.0,0.0,0.0,0.0,0.0,0.0,0.0,0.0,0.0,0.0,0.0,0.0
Bihar,46,Anti Terrorist Squad,2015.0,0.0,0.0,0.0,0.0,0.0,0.0,0.0,0.0,0.0,0.0,0.0,0.0,0.0,0.0,0.0
Chhattisgarh,1,Balod,2015.0,37.0,2.0,32.0,4.0,50.0,1.0,13.0,0.0,2.0,0.0,0.0,0.0,0.0,0.0,141.0
Chhattisgarh,2,Balodbazar,2015.0,60.0,0.0,83.0,4.0,90.0,1.0,16.0,0.0,12.0,0.0,0.0,0.0,0.0,0.0,266.0
Chhattisgarh,3,Balrampur,2015.0,98.0,0.0,14.0,3.0,65.0,1.0,24.0,0.0,0.0,0.0,0.0,0.0,0.0,0.0,205.0
Chhattisgarh,4,Bemetra,2015.0,24.0,0.0,29.0,3.0,44.0,2.0,12.0,0.0,3.0,0.0,0.0,0.0,0.0,0.0,117.0
Chhattisgarh,5,Bilaspur,2015.0,93.0,0.0,144.0,6.0,204.0,1.0,47.0,0.0,20.0,0.0,0.0,0.0,0.0,0.0,515.0
Chhattisgarh,6,Bizapur,2015.0,9.0,0.0,12.0,0.0,4.0,0.0,4.0,0.0,0.0,0.0,0.0,0.0,0.0,0.0,29.0
Chhattisgarh,7,Dantewara,2015.0,9.0,0.0,8.0,0.0,10.0,0.0,2.0,0.0,1.0,0.0,0.0,0.0,0.0,0.0,30.0
Chhattisgarh,8,Dhamtari,2015.0,35.0,0.0,13.0,0.0,39.0,2.0,6.0,0.0,3.0,0.0,0.0,0.0,0.0,0.0,98.0
Chhattisgarh,9,Durg,2015.0,112.0,7.0,125.0,1.0,226.0,8.0,84.0,0.0,19.0,0.0,0.0,0.0,0.0,3.0,585.0
Chhattisgarh,10,Gariyaband,2015.0,46.0,2.0,17.0,0.0,25.0,1.0,13.0,0.0,5.0,0.0,0.0,0.0,0.0,0.0,109.0
Chhattisgarh,11,G. R. P. Raipur,2015.0,0.0,0.0,2.0,1.0,8.0,1.0,0.0,0.0,0.0,0.0,0.0,0.0,0.0,0.0,12.0
Chhattisgarh,12,Jagdalpur,2015.0,58.0,0.0,50.0,2.0,28.0,0.0,10.0,0.0,6.0,0.0,0.0,0.0,0.0,0.0,154.0
Chhattisgarh,13,Janjgir,2015.0,54.0,3.0,79.0,20.0,112.0,6.0,42.0,0.0,11.0,0.0,0.0,0.0,0.0,0.0,327.0
Chhattisgarh,14,Jashpur,2015.0,98.0,0.0,57.0,0.0,44.0,0.0,3.0,0.0,0.0,2.0,0.0,0.0,0.0,0.0,204.0
Chhattisgarh,15,Kabirdham,2015.0,29.0,0.0,35.0,1.0,72.0,0.0,20.0,0.0,1.0,0.0,0.0,0.0,0.0,0.0,158.0
Chhattisgarh,16,Kanker,2015.0,56.0,0.0,31.0,2.0,36.0,3.0,24.0,0.0,0.0,0.0,0.0,0.0,0.0,0.0,152.0
Chhattisgarh,17,Kondagaon,2015.0,29.0,0.0,21.0,0.0,24.0,0.0,7.0,0.0,0.0,0.0,0.0,0.0,0.0,0.0,81.0
Chhattisgarh,18,Korba,2015.0,67.0,1.0,51.0,7.0,64.0,3.0,36.0,0.0,2.0,0.0,0.0,0.0,0.0,1.0,232.0
Chhattisgarh,19,Koriya,2015.0,68.0,0.0,41.0,1.0,75.0,2.0,34.0,0.0,11.0,0.0,0.0,0.0,0.0,0.0,232.0
Chhattisgarh,20,Mahasamund,2015.0,43.0,1.0,48.0,2.0,76.0,5.0,15.0,0.0,2.0,0.0,0.0,0.0,0.0,0.0,192.0
Chhattisgarh,21,Mungali,2015.0,19.0,0.0,38.0,1.0,42.0,1.0,15.0,0.0,6.0,0.0,0.0,0.0,0.0,0.0,122.0
Chhattisgarh,22,Narayanpur,2015.0,5.0,0.0,7.0,0.0,0.0,0.0,0.0,0.0,1.0,0.0,0.0,0.0,0.0,0.0,13.0
Chhattisgarh,23,Raigarh,2015.0,122.0,0.0,75.0,16.0,98.0,6.0,48.0,0.0,0.0,2.0,0.0,0.0,0.0,0.0,367.0
Chhattisgarh,24,Raipur,2015.0,198.0,3.0,205.0,8.0,205.0,7.0,70.0,0.0,21.0,5.0,0.0,0.0,2.0,0.0,724.0
Chhattisgarh,25,Rajnandgaon,2015.0,49.0,0.0,73.0,4.0,87.0,1.0,28.0,0.0,6.0,0.0,0.0,0.0,0.0,0.0,248.0
Chhattisgarh,26,Sarguja,2015.0,82.0,0.0,14.0,0.0,76.0,0.0,6.0,0.0,2.0,0.0,0.0,0.0,0.0,0.0,180.0
Chhattisgarh,27,Sukma,2015.0,5.0,0.0,5.0,0.0,6.0,0.0,1.0,0.0,0.0,0.0,0.0,0.0,0.0,0.0,17.0
Chhattisgarh,28,Surajpur,2015.0,55.0,0.0,45.0,3.0,58.0,1.0,40.0,0.0,7.0,1.0,0.0,0.0,0.0,0.0,210.0
Goa,1,North Goa,2015.0,49.0,0.0,43.0,0.0,86.0,9.0,4.0,0.0,3.0,0.0,0.0,0.0,0.0,3.0,197.0
Goa,2,South Goa,2015.0,34.0,0.0,27.0,0.0,57.0,24.0,12.0,0.0,0.0,0.0,0.0,0.0,0.0,0.0,154.0
Goa,3,C. I. D.,2015.0,3.0,0.0,0.0,0.0,7.0,1.0,3.0,0.0,0.0,0.0,0.0,0.0,0.0,0.0,14.0
Gujarat,1,Ahmedabad City,2015.0,59.0,0.0,243.0,1.0,152.0,2.0,595.0,0.0,5.0,0.0,0.0,0.0,1.0,8.0,1066.0
Gujarat,2,Ahmedabad Rural,2015.0,10.0,0.0,6.0,2.0,21.0,0.0,73.0,0.0,3.0,0.0,0.0,0.0,1.0,1.0,117.0
Gujarat,3,Amreli,2015.0,8.0,0.0,48.0,0.0,17.0,2.0,131.0,0.0,15.0,0.0,0.0,0.0,0.0,0.0,221.0
Gujarat,4,Anand,2015.0,22.0,1.0,96.0,0.0,41.0,3.0,99.0,0.0,1.0,0.0,0.0,0.0,0.0,2.0,265.0
Gujarat,5,Arvalli,2015.0,13.0,0.0,15.0,0.0,18.0,0.0,50.0,0.0,16.0,0.0,0.0,0.0,0.0,0.0,112.0
Gujarat,6,Banaskantha,2015.0,37.0,0.0,89.0,1.0,54.0,1.0,188.0,0.0,0.0,0.0,0.0,0.0,0.0,0.0,370.0
Gujarat,7,Bharuch,2015.0,12.0,0.0,24.0,0.0,41.0,0.0,93.0,0.0,2.0,0.0,0.0,0.0,0.0,0.0,172.0
Gujarat,8,Bhavnagar,2015.0,8.0,0.0,27.0,1.0,34.0,4.0,104.0,0.0,15.0,0.0,0.0,0.0,0.0,1.0,194.0
Gujarat,9,Botad,2015.0,1.0,0.0,25.0,1.0,18.0,0.0,20.0,0.0,7.0,0.0,0.0,0.0,0.0,0.0,72.0
Gujarat,10,Chhotaudepur,2015.0,12.0,0.0,6.0,0.0,12.0,0.0,19.0,0.0,0.0,0.0,0.0,0.0,0.0,0.0,49.0
Gujarat,11,C. I. D. Crime,2015.0,0.0,0.0,0.0,0.0,0.0,0.0,0.0,0.0,0.0,0.0,0.0,0.0,0.0,0.0,0.0
Gujarat,12,Dahod,2015.0,23.0,0.0,53.0,0.0,38.0,0.0,137.0,0.0,0.0,0.0,0.0,0.0,0.0,0.0,251.0
Gujarat,13,Dang,2015.0,2.0,0.0,0.0,0.0,6.0,2.0,7.0,0.0,1.0,0.0,0.0,0.0,0.0,0.0,18.0
Gujarat,14,Devbhumi Dwarka,2015.0,5.0,0.0,11.0,0.0,3.0,1.0,42.0,0.0,12.0,0.0,0.0,0.0,0.0,0.0,74.0
Gujarat,15,Gandhinagar,2015.0,7.0,1.0,22.0,0.0,26.0,16.0,123.0,0.0,0.0,0.0,0.0,0.0,0.0,2.0,197.0
Gujarat,16,Gir Somnath,2015.0,6.0,0.0,14.0,0.0,27.0,2.0,122.0,0.0,2.0,0.0,0.0,0.0,0.0,1.0,174.0
Gujarat,17,Jamnagar,2015.0,11.0,0.0,36.0,1.0,20.0,1.0,169.0,0.0,13.0,0.0,0.0,0.0,0.0,2.0,253.0
Gujarat,18,Junagadh,2015.0,6.0,0.0,25.0,0.0,19.0,3.0,212.0,0.0,8.0,0.0,0.0,0.0,0.0,0.0,273.0
Gujarat,19,Kachchh East(G),2015.0,28.0,0.0,35.0,0.0,35.0,0.0,48.0,0.0,16.0,0.0,0.0,0.0,0.0,4.0,166.0
Gujarat,20,Kachchh West(B),2015.0,16.0,0.0,8.0,1.0,30.0,3.0,70.0,0.0,15.0,0.0,0.0,0.0,0.0,0.0,143.0
Gujarat,21,Kheda,2015.0,11.0,0.0,73.0,0.0,22.0,1.0,73.0,0.0,1.0,0.0,0.0,0.0,0.0,0.0,181.0
Gujarat,22,Mahisagar,2015.0,6.0,0.0,19.0,0.0,13.0,0.0,46.0,0.0,0.0,0.0,0.0,0.0,0.0,0.0,84.0
Gujarat,23,Mehsana,2015.0,17.0,0.0,81.0,0.0,39.0,0.0,180.0,0.0,2.0,2.0,0.0,0.0,0.0,1.0,322.0
Gujarat,24,Morbi,2015.0,8.0,0.0,21.0,0.0,8.0,1.0,58.0,0.0,8.0,0.0,0.0,0.0,0.0,0.0,104.0
Gujarat,25,Narmada,2015.0,1.0,0.0,5.0,0.0,9.0,0.0,13.0,0.0,0.0,0.0,0.0,0.0,0.0,0.0,28.0
Gujarat,26,Navsari,2015.0,4.0,0.0,25.0,0.0,13.0,0.0,42.0,0.0,1.0,0.0,0.0,0.0,0.0,1.0,86.0
Gujarat,27,Panchmahal,2015.0,7.0,0.0,16.0,0.0,28.0,0.0,66.0,0.0,0.0,34.0,0.0,0.0,0.0,1.0,152.0
Gujarat,28,Patan,2015.0,16.0,1.0,16.0,0.0,42.0,0.0,72.0,0.0,8.0,0.0,0.0,0.0,0.0,1.0,156.0
Gujarat,29,Porbandar,2015.0,3.0,0.0,11.0,0.0,12.0,0.0,72.0,0.0,3.0,0.0,0.0,0.0,0.0,0.0,101.0
Gujarat,30,Rajkot City,2015.0,19.0,0.0,74.0,0.0,35.0,2.0,204.0,0.0,19.0,0.0,0.0,0.0,0.0,3.0,356.0
Gujarat,31,Rajkot Rural,2015.0,10.0,0.0,60.0,0.0,32.0,0.0,163.0,0.0,7.0,0.0,0.0,0.0,0.0,0.0,272.0
Gujarat,32,Sabarkantha,2015.0,3.0,0.0,19.0,0.0,33.0,3.0,176.0,0.0,10.0,0.0,0.0,0.0,0.0,0.0,244.0
Gujarat,33,Surat City,2015.0,43.0,0.0,143.0,1.0,50.0,1.0,260.0,0.0,2.0,0.0,0.0,0.0,0.0,2.0,502.0
Gujarat,34,Surat Rural,2015.0,8.0,0.0,43.0,1.0,13.0,0.0,41.0,0.0,0.0,0.0,0.0,0.0,0.0,0.0,106.0
Gujarat,35,Surendranagar,2015.0,21.0,0.0,36.0,2.0,26.0,1.0,57.0,0.0,21.0,0.0,0.0,0.0,0.0,0.0,164.0
Gujarat,36,Tapi,2015.0,10.0,0.0,9.0,0.0,13.0,24.0,8.0,0.0,0.0,0.0,0.0,0.0,0.0,0.0,64.0
Gujarat,37,Vadodara City,2015.0,15.0,0.0,45.0,0.0,104.0,0.0,232.0,0.0,0.0,0.0,0.0,0.0,0.0,3.0,399.0
Gujarat,38,Vadodara Rural,2015.0,3.0,0.0,17.0,0.0,15.0,0.0,36.0,0.0,13.0,0.0,0.0,0.0,0.0,0.0,84.0
Gujarat,39,Valsad,2015.0,11.0,0.0,69.0,0.0,37.0,0.0,31.0,0.0,6.0,0.0,0.0,0.0,0.0,2.0,156.0
Gujarat,40,W.Rly Ahmedabad,2015.0,0.0,0.0,0.0,0.0,0.0,0.0,0.0,0.0,0.0,0.0,0.0,0.0,0.0,0.0,0.0
Gujarat,41,W.Rly Vadodara,2015.0,1.0,0.0,4.0,0.0,8.0,0.0,1.0,0.0,0.0,0.0,0.0,0.0,0.0,0.0,14.0
Haryana,1,Ambala (Rural),2015.0,3.0,0.0,26.0,7.0,18.0,0.0,36.0,0.0,0.0,0.0,0.0,0.0,0.0,1.0,91.0
Haryana,2,Ambala (Urban),2015.0,22.0,3.0,51.0,3.0,24.0,0.0,49.0,0.0,1.0,1.0,0.0,0.0,0.0,0.0,154.0
Haryana,3,Bhiwani,2015.0,44.0,7.0,36.0,18.0,94.0,0.0,147.0,0.0,11.0,1.0,0.0,0.0,0.0,3.0,361.0
Haryana,4,Faridabad,2015.0,128.0,9.0,313.0,24.0,123.0,0.0,371.0,0.0,0.0,2.0,0.0,0.0,0.0,3.0,973.0
Haryana,5,Fatehabad,2015.0,21.0,1.0,31.0,3.0,63.0,2.0,155.0,0.0,5.0,0.0,0.0,0.0,1.0,0.0,282.0
Haryana,6,G. R. P.,2015.0,1.0,0.0,0.0,4.0,18.0,0.0,0.0,0.0,4.0,0.0,0.0,0.0,0.0,0.0,27.0
Haryana,7,Gurgaon,2015.0,130.0,12.0,295.0,12.0,183.0,37.0,268.0,0.0,15.0,1.0,0.0,0.0,0.0,6.0,959.0
Haryana,8,Hissar,2015.0,55.0,0.0,52.0,13.0,118.0,4.0,360.0,0.0,8.0,1.0,0.0,0.0,0.0,0.0,611.0
Haryana,9,Jhajjar,2015.0,60.0,3.0,27.0,5.0,70.0,5.0,153.0,0.0,3.0,1.0,0.0,0.0,0.0,3.0,330.0
Haryana,10,Jind,2015.0,31.0,1.0,52.0,13.0,73.0,1.0,116.0,0.0,6.0,0.0,0.0,0.0,0.0,2.0,295.0
Haryana,11,Kaithal,2015.0,29.0,4.0,97.0,11.0,61.0,0.0,102.0,0.0,3.0,0.0,0.0,0.0,0.0,2.0,309.0
Haryana,12,Karnal,2015.0,54.0,9.0,248.0,15.0,94.0,1.0,235.0,0.0,20.0,1.0,0.0,0.0,0.0,11.0,688.0
Haryana,13,Kurukshetra,2015.0,26.0,4.0,53.0,9.0,88.0,1.0,145.0,0.0,0.0,0.0,0.0,0.0,0.0,0.0,326.0
Haryana,14,Mahendergarh,2015.0,32.0,4.0,50.0,10.0,100.0,4.0,71.0,0.0,5.0,2.0,0.0,0.0,2.0,2.0,282.0
Haryana,15,Mewat,2015.0,59.0,3.0,55.0,8.0,58.0,3.0,98.0,0.0,5.0,1.0,0.0,0.0,8.0,0.0,298.0
Haryana,16,Palwal,2015.0,36.0,5.0,52.0,22.0,87.0,1.0,158.0,0.0,2.0,0.0,0.0,0.0,0.0,0.0,363.0
Haryana,17,Panchkula,2015.0,24.0,0.0,116.0,2.0,34.0,4.0,62.0,0.0,4.0,0.0,0.0,0.0,0.0,2.0,248.0
Haryana,18,Panipat,2015.0,47.0,10.0,86.0,9.0,95.0,2.0,195.0,0.0,2.0,0.0,0.0,0.0,0.0,0.0,446.0
Haryana,19,Rewari,2015.0,56.0,9.0,49.0,9.0,71.0,17.0,119.0,0.0,2.0,0.0,0.0,0.0,0.0,0.0,332.0
Haryana,20,Rohtak,2015.0,54.0,6.0,277.0,14.0,190.0,2.0,193.0,0.0,12.0,1.0,0.0,0.0,0.0,2.0,751.0
Haryana,21,Sirsa,2015.0,52.0,2.0,48.0,5.0,58.0,3.0,168.0,0.0,0.0,0.0,0.0,0.0,0.0,6.0,342.0
Haryana,22,Sonipat,2015.0,62.0,6.0,57.0,20.0,94.0,3.0,168.0,0.0,14.0,2.0,0.0,0.0,0.0,1.0,427.0
Haryana,23,Yamunanagar,2015.0,44.0,7.0,265.0,7.0,72.0,0.0,156.0,0.0,0.0,0.0,0.0,0.0,0.0,0.0,551.0
Haryana,24,Irrigation & Power,2015.0,0.0,0.0,0.0,0.0,0.0,0.0,0.0,0.0,0.0,0.0,0.0,0.0,0.0,0.0,0.0
Himachal Pradesh,1,Baddi,2015.0,7.0,0.0,12.0,0.0,19.0,1.0,15.0,0.0,2.0,0.0,0.0,0.0,0.0,0.0,56.0
Himachal Pradesh,2,Bilaspur,2015.0,15.0,0.0,23.0,0.0,45.0,13.0,12.0,0.0,5.0,0.0,0.0,0.0,0.0,0.0,113.0
Himachal Pradesh,3,Chamba,2015.0,26.0,0.0,20.0,1.0,28.0,0.0,10.0,0.0,3.0,0.0,0.0,0.0,0.0,0.0,88.0
Himachal Pradesh,4,C. I. D.,2015.0,0.0,0.0,0.0,0.0,0.0,0.0,0.0,0.0,0.0,0.0,0.0,0.0,0.0,0.0,0.0
Himachal Pradesh,5,G. R. P.,2015.0,0.0,0.0,0.0,0.0,0.0,0.0,0.0,0.0,0.0,0.0,0.0,0.0,0.0,0.0,0.0
Himachal Pradesh,6,Hamirpur,2015.0,6.0,0.0,10.0,0.0,34.0,9.0,11.0,0.0,8.0,0.0,0.0,0.0,0.0,0.0,78.0
Himachal Pradesh,7,Kangra,2015.0,46.0,1.0,35.0,0.0,60.0,11.0,39.0,0.0,22.0,0.0,0.0,0.0,15.0,1.0,230.0
Himachal Pradesh,8,Kinnaur,2015.0,8.0,0.0,5.0,0.0,4.0,0.0,3.0,0.0,0.0,0.0,0.0,0.0,0.0,0.0,20.0
Himachal Pradesh,9,Kullu,2015.0,23.0,0.0,11.0,0.0,19.0,4.0,14.0,0.0,0.0,0.0,0.0,0.0,0.0,0.0,71.0
Himachal Pradesh,10,Lahaul & Spiti,2015.0,3.0,0.0,0.0,0.0,0.0,1.0,0.0,0.0,0.0,0.0,0.0,0.0,0.0,0.0,4.0
Himachal Pradesh,11,Mandi,2015.0,29.0,0.0,38.0,0.0,84.0,5.0,25.0,0.0,8.0,0.0,0.0,0.0,0.0,0.0,189.0
Himachal Pradesh,12,Shimla,2015.0,24.0,0.0,36.0,0.0,46.0,7.0,26.0,0.0,3.0,0.0,0.0,0.0,0.0,2.0,144.0
Himachal Pradesh,13,Sirmaur,2015.0,31.0,0.0,20.0,0.0,52.0,2.0,17.0,0.0,4.0,0.0,0.0,0.0,0.0,1.0,127.0
Himachal Pradesh,14,Solan,2015.0,8.0,0.0,12.0,0.0,18.0,2.0,10.0,0.0,1.0,0.0,0.0,0.0,0.0,1.0,52.0
Himachal Pradesh,15,Una,2015.0,18.0,0.0,17.0,1.0,25.0,3.0,44.0,0.0,8.0,0.0,0.0,0.0,0.0,1.0,117.0
Jammu & Kashmir,1,Anantnag,2015.0,20.0,0.0,77.0,0.0,135.0,0.0,25.0,0.0,1.0,0.0,0.0,0.0,0.0,0.0,258.0
Jammu & Kashmir,2,Awantipora,2015.0,6.0,0.0,23.0,0.0,28.0,0.0,4.0,0.0,0.0,0.0,0.0,0.0,0.0,0.0,61.0
Jammu & Kashmir,3,Bandipora,2015.0,4.0,0.0,33.0,0.0,27.0,13.0,3.0,0.0,5.0,0.0,0.0,0.0,0.0,0.0,85.0
Jammu & Kashmir,4,Baramulla,2015.0,6.0,3.0,72.0,0.0,85.0,20.0,12.0,0.0,0.0,0.0,0.0,0.0,0.0,0.0,198.0
Jammu & Kashmir,5,Budgam,2015.0,13.0,0.0,62.0,1.0,45.0,5.0,8.0,0.0,1.0,0.0,0.0,0.0,0.0,0.0,135.0
Jammu & Kashmir,6,Crime Jammu,2015.0,0.0,0.0,0.0,0.0,0.0,0.0,1.0,0.0,0.0,0.0,0.0,0.0,0.0,0.0,1.0
Jammu & Kashmir,7,Crime Srinagar,2015.0,0.0,0.0,0.0,0.0,0.0,0.0,0.0,0.0,0.0,0.0,0.0,0.0,0.0,0.0,0.0
Jammu & Kashmir,8,Doda,2015.0,9.0,0.0,27.0,0.0,26.0,5.0,3.0,0.0,0.0,0.0,0.0,0.0,0.0,0.0,70.0
Jammu & Kashmir,9,Ganderbal,2015.0,0.0,1.0,31.0,0.0,61.0,0.0,6.0,0.0,0.0,0.0,0.0,0.0,0.0,0.0,99.0
Jammu & Kashmir,10,Handwara,2015.0,2.0,0.0,35.0,0.0,56.0,5.0,3.0,0.0,3.0,0.0,0.0,0.0,0.0,0.0,104.0
Jammu & Kashmir,11,Jammu,2015.0,51.0,0.0,202.0,3.0,111.0,33.0,92.0,0.0,0.0,0.0,0.0,0.0,0.0,0.0,492.0
Jammu & Kashmir,12,Kargil,2015.0,1.0,0.0,1.0,0.0,1.0,1.0,1.0,0.0,0.0,0.0,0.0,0.0,0.0,0.0,5.0
Jammu & Kashmir,13,Kathua,2015.0,20.0,4.0,51.0,0.0,53.0,4.0,17.0,0.0,3.0,0.0,0.0,0.0,0.0,0.0,152.0
Jammu & Kashmir,14,Kishtwar,2015.0,12.0,0.0,10.0,0.0,10.0,0.0,6.0,0.0,1.0,0.0,0.0,0.0,0.0,0.0,39.0
Jammu & Kashmir,15,Kulgam,2015.0,9.0,0.0,34.0,0.0,120.0,6.0,6.0,0.0,0.0,0.0,0.0,0.0,0.0,0.0,175.0
Jammu & Kashmir,16,Kupwara,2015.0,14.0,0.0,48.0,0.0,49.0,7.0,10.0,0.0,19.0,0.0,0.0,0.0,0.0,0.0,147.0
Jammu & Kashmir,17,Leh,2015.0,4.0,0.0,2.0,0.0,1.0,0.0,0.0,0.0,0.0,0.0,0.0,0.0,0.0,0.0,7.0
Jammu & Kashmir,18,Poonch,2015.0,14.0,0.0,25.0,0.0,31.0,0.0,11.0,0.0,6.0,0.0,0.0,0.0,0.0,0.0,87.0
Jammu & Kashmir,19,Pulwama,2015.0,5.0,0.0,33.0,0.0,28.0,10.0,1.0,0.0,0.0,0.0,0.0,0.0,0.0,0.0,77.0
Jammu & Kashmir,20,Railways Jammu,2015.0,0.0,0.0,0.0,0.0,1.0,0.0,0.0,0.0,0.0,0.0,0.0,0.0,0.0,0.0,1.0
Jammu & Kashmir,21,Railways Kashmir,2015.0,0.0,0.0,0.0,0.0,0.0,0.0,0.0,0.0,0.0,0.0,0.0,0.0,0.0,0.0,0.0
Jammu & Kashmir,22,Railways Katra,2015.0,0.0,0.0,0.0,0.0,0.0,0.0,0.0,0.0,0.0,0.0,0.0,0.0,0.0,0.0,0.0
Jammu & Kashmir,23,Rajouri,2015.0,34.0,1.0,61.0,0.0,63.0,7.0,42.0,0.0,0.0,0.0,0.0,0.0,0.0,0.0,208.0
Jammu & Kashmir,24,Ramban,2015.0,11.0,0.0,18.0,0.0,24.0,6.0,15.0,0.0,0.0,0.0,0.0,0.0,0.0,0.0,74.0
Jammu & Kashmir,25,Reasi,2015.0,15.0,3.0,26.0,0.0,20.0,4.0,8.0,0.0,0.0,0.0,0.0,0.0,0.0,0.0,76.0
Jammu & Kashmir,26,Samba,2015.0,4.0,0.0,13.0,2.0,10.0,4.0,9.0,0.0,0.0,0.0,0.0,0.0,0.0,0.0,42.0
Jammu & Kashmir,27,Shopian,2015.0,8.0,0.0,26.0,0.0,45.0,0.0,4.0,0.0,0.0,0.0,0.0,0.0,0.0,0.0,83.0
Jammu & Kashmir,28,Sopore,2015.0,9.0,0.0,39.0,0.0,67.0,0.0,6.0,0.0,6.0,0.0,0.0,0.0,0.0,0.0,127.0
Jammu & Kashmir,29,Srinagar,2015.0,12.0,6.0,103.0,0.0,223.0,37.0,91.0,0.0,0.0,1.0,0.0,0.0,0.0,0.0,473.0
Jammu & Kashmir,30,Udhampur,2015.0,13.0,3.0,19.0,0.0,23.0,8.0,16.0,0.0,5.0,0.0,0.0,0.0,0.0,0.0,87.0
Jharkhand,1,Bokaro,2015.0,97.0,0.0,123.0,14.0,0.0,0.0,260.0,0.0,0.0,0.0,0.0,0.0,0.0,0.0,494.0
Jharkhand,2,Chaibasa,2015.0,59.0,4.0,49.0,5.0,20.0,0.0,17.0,0.0,0.0,19.0,0.0,0.0,0.0,0.0,173.0
Jharkhand,3,Chatra,2015.0,24.0,0.0,35.0,16.0,19.0,0.0,34.0,0.0,0.0,59.0,0.0,0.0,0.0,0.0,187.0
Jharkhand,4,Deoghar,2015.0,44.0,0.0,78.0,25.0,40.0,5.0,195.0,0.0,0.0,172.0,0.0,0.0,0.0,0.0,559.0
Jharkhand,5,Dhanbad,2015.0,40.0,24.0,80.0,9.0,128.0,0.0,45.0,0.0,0.0,62.0,0.0,0.0,0.0,2.0,390.0
Jharkhand,6,Dhanbad Railway,2015.0,1.0,0.0,4.0,0.0,11.0,0.0,0.0,0.0,0.0,0.0,0.0,0.0,0.0,0.0,16.0
Jharkhand,7,Dumka,2015.0,46.0,3.0,34.0,13.0,26.0,4.0,48.0,0.0,0.0,28.0,0.0,0.0,0.0,0.0,202.0
Jharkhand,8,Garhwa,2015.0,48.0,4.0,29.0,17.0,38.0,0.0,53.0,0.0,0.0,81.0,0.0,0.0,0.0,0.0,270.0
Jharkhand,9,Giridih,2015.0,45.0,31.0,57.0,35.0,238.0,0.0,116.0,0.0,0.0,152.0,0.0,0.0,0.0,0.0,674.0
Jharkhand,10,Godda,2015.0,30.0,0.0,17.0,6.0,0.0,0.0,82.0,0.0,0.0,77.0,0.0,0.0,0.0,0.0,212.0
Jharkhand,11,Gumla,2015.0,56.0,2.0,29.0,2.0,16.0,0.0,21.0,0.0,0.0,34.0,0.0,0.0,0.0,0.0,160.0
Jharkhand,12,Hazaribagh,2015.0,57.0,36.0,53.0,22.0,62.0,0.0,53.0,0.0,0.0,138.0,0.0,0.0,0.0,0.0,421.0
Jharkhand,13,Jamshedpur,2015.0,68.0,29.0,79.0,14.0,53.0,0.0,129.0,0.0,3.0,193.0,0.0,0.0,0.0,0.0,568.0
Jharkhand,14,Jamshedpur Railway,2015.0,0.0,0.0,2.0,0.0,0.0,1.0,0.0,0.0,0.0,0.0,0.0,0.0,0.0,0.0,3.0
Jharkhand,15,Jamtara,2015.0,17.0,14.0,12.0,15.0,25.0,0.0,72.0,0.0,0.0,49.0,0.0,0.0,0.0,0.0,204.0
Jharkhand,16,Khunti,2015.0,21.0,0.0,3.0,0.0,10.0,0.0,2.0,0.0,0.0,6.0,0.0,0.0,0.0,0.0,42.0
Jharkhand,17,Koderma,2015.0,17.0,0.0,17.0,5.0,3.0,0.0,67.0,0.0,0.0,37.0,0.0,0.0,0.0,0.0,146.0
Jharkhand,18,Latehar,2015.0,28.0,2.0,16.0,4.0,32.0,0.0,20.0,0.0,0.0,41.0,0.0,0.0,0.0,0.0,143.0
Jharkhand,19,Lohardagga,2015.0,37.0,3.0,18.0,3.0,15.0,0.0,13.0,0.0,0.0,31.0,0.0,0.0,0.0,0.0,120.0
Jharkhand,20,Pakur,2015.0,54.0,7.0,22.0,4.0,16.0,0.0,111.0,0.0,0.0,51.0,0.0,0.0,0.0,0.0,265.0
Jharkhand,21,Palamu,2015.0,45.0,6.0,39.0,21.0,19.0,0.0,31.0,0.0,0.0,92.0,0.0,0.0,0.0,0.0,253.0
Jharkhand,22,Ramgarh,2015.0,20.0,15.0,16.0,11.0,39.0,0.0,21.0,0.0,0.0,109.0,0.0,0.0,0.0,1.0,232.0
Jharkhand,23,Ranchi,2015.0,89.0,0.0,65.0,8.0,0.0,0.0,58.0,0.0,0.0,53.0,0.0,0.0,0.0,0.0,273.0
Jharkhand,24,Sahebganj,2015.0,60.0,19.0,11.0,9.0,12.0,0.0,155.0,0.0,0.0,0.0,0.0,0.0,0.0,0.0,266.0
Jharkhand,25,Saraikela,2015.0,23.0,0.0,35.0,7.0,19.0,0.0,41.0,0.0,0.0,59.0,0.0,0.0,0.0,0.0,184.0
Jharkhand,26,Simdega,2015.0,27.0,3.0,7.0,2.0,3.0,0.0,10.0,0.0,0.0,9.0,0.0,0.0,0.0,0.0,61.0
Karnataka,1,Bagalkot,2015.0,12.0,1.0,12.0,2.0,153.0,0.0,43.0,0.0,0.0,30.0,0.0,0.0,0.0,1.0,254.0
Karnataka,2,Bengaluru City,2015.0,112.0,2.0,624.0,54.0,718.0,56.0,483.0,0.0,80.0,714.0,0.0,0.0,0.0,236.0,3079.0
Karnataka,3,Bengaluru District,2015.0,27.0,0.0,95.0,16.0,160.0,4.0,79.0,0.0,0.0,36.0,0.0,0.0,0.0,9.0,426.0
Karnataka,4,Belagavi District,2015.0,14.0,0.0,47.0,2.0,173.0,6.0,149.0,0.0,14.0,14.0,0.0,0.0,0.0,6.0,425.0
Karnataka,5,Ballari,2015.0,15.0,0.0,32.0,13.0,106.0,1.0,57.0,0.0,1.0,69.0,0.0,0.0,0.0,12.0,306.0
Karnataka,6,Bidar,2015.0,9.0,0.0,15.0,10.0,88.0,14.0,126.0,0.0,11.0,30.0,0.0,0.0,0.0,2.0,305.0
Karnataka,7,Vijayapura,2015.0,22.0,1.0,32.0,10.0,140.0,0.0,134.0,0.0,13.0,3.0,0.0,0.0,0.0,5.0,360.0
Karnataka,8,Chikkaballapura,2015.0,13.0,0.0,5.0,12.0,74.0,1.0,19.0,0.0,9.0,30.0,0.0,0.0,0.0,1.0,164.0
Karnataka,9,Chamarajnagar,2015.0,7.0,0.0,3.0,9.0,110.0,2.0,10.0,0.0,1.0,6.0,0.0,0.0,0.0,1.0,149.0
Karnataka,10,Chikkamagaluru,2015.0,12.0,0.0,44.0,4.0,144.0,1.0,76.0,0.0,17.0,29.0,0.0,0.0,0.0,0.0,327.0
Karnataka,11,Chitradurga,2015.0,6.0,0.0,66.0,3.0,250.0,0.0,55.0,0.0,9.0,41.0,0.0,0.0,0.0,5.0,435.0
Karnataka,12,Dakshina Kannada,2015.0,19.0,2.0,7.0,1.0,101.0,5.0,32.0,0.0,3.0,11.0,0.0,0.0,0.0,0.0,181.0
Karnataka,13,Davanagere,2015.0,14.0,2.0,45.0,4.0,182.0,2.0,77.0,0.0,6.0,49.0,0.0,0.0,1.0,3.0,385.0
Karnataka,14,Dharwad,2015.0,4.0,0.0,21.0,2.0,34.0,0.0,34.0,0.0,0.0,0.0,0.0,0.0,0.0,0.0,95.0
Karnataka,15,Gadag,2015.0,7.0,0.0,2.0,0.0,49.0,0.0,21.0,0.0,0.0,4.0,0.0,0.0,0.0,2.0,85.0
Karnataka,16,Kalaburgi,2015.0,16.0,1.0,35.0,10.0,139.0,11.0,109.0,0.0,8.0,39.0,0.0,0.0,0.0,6.0,374.0
Karnataka,17,Hassan,2015.0,24.0,0.0,54.0,14.0,194.0,2.0,63.0,0.0,0.0,14.0,0.0,0.0,0.0,7.0,372.0
Karnataka,18,Haveri,2015.0,15.0,0.0,17.0,2.0,47.0,0.0,30.0,0.0,8.0,14.0,0.0,0.0,0.0,2.0,135.0
Karnataka,19,Hubballi Dharwad City,2015.0,7.0,0.0,21.0,3.0,32.0,2.0,60.0,0.0,3.0,0.0,0.0,0.0,0.0,7.0,135.0
Karnataka,20,K.G.F.,2015.0,0.0,0.0,7.0,4.0,13.0,1.0,4.0,0.0,1.0,12.0,0.0,0.0,0.0,0.0,42.0
Karnataka,21,Kodagu,2015.0,36.0,0.0,7.0,1.0,48.0,1.0,33.0,0.0,0.0,3.0,0.0,0.0,0.0,1.0,130.0
Karnataka,22,Kolar,2015.0,2.0,0.0,18.0,3.0,40.0,0.0,14.0,0.0,0.0,15.0,0.0,0.0,0.0,0.0,92.0
Karnataka,23,Koppal,2015.0,12.0,0.0,25.0,3.0,52.0,0.0,39.0,0.0,0.0,0.0,0.0,0.0,0.0,2.0,133.0
Karnataka,24,Mandya,2015.0,13.0,1.0,56.0,9.0,432.0,10.0,148.0,0.0,11.0,31.0,1.0,0.0,0.0,9.0,721.0
Karnataka,25,Mangaluru City,2015.0,14.0,0.0,5.0,0.0,80.0,7.0,31.0,0.0,0.0,36.0,0.0,0.0,0.0,7.0,180.0
Karnataka,26,Mysuru City,2015.0,32.0,1.0,44.0,8.0,74.0,1.0,44.0,0.0,2.0,75.0,0.0,0.0,0.0,52.0,333.0
Karnataka,27,Mysuru District,2015.0,9.0,0.0,40.0,5.0,160.0,1.0,79.0,0.0,0.0,14.0,1.0,0.0,0.0,2.0,311.0
Karnataka,28,Raichur,2015.0,17.0,2.0,11.0,8.0,223.0,2.0,150.0,0.0,6.0,60.0,0.0,0.0,0.0,1.0,480.0
Karnataka,29,K.Railways,2015.0,1.0,0.0,0.0,0.0,10.0,0.0,0.0,0.0,0.0,0.0,0.0,0.0,0.0,0.0,11.0
Karnataka,30,Ramanagara,2015.0,20.0,0.0,68.0,11.0,152.0,2.0,64.0,0.0,12.0,35.0,0.0,0.0,0.0,1.0,365.0
Karnataka,31,Shimoga,2015.0,27.0,0.0,55.0,10.0,368.0,2.0,187.0,0.0,20.0,0.0,0.0,0.0,0.0,12.0,681.0
Karnataka,32,Tumakuru,2015.0,15.0,0.0,35.0,16.0,84.0,9.0,64.0,0.0,7.0,35.0,0.0,0.0,0.0,18.0,283.0
Karnataka,33,Udupi,2015.0,20.0,0.0,15.0,0.0,110.0,3.0,35.0,0.0,9.0,34.0,0.0,0.0,0.0,4.0,230.0
Karnataka,34,Uttara Kannada,2015.0,6.0,2.0,26.0,0.0,161.0,4.0,53.0,0.0,7.0,18.0,0.0,0.0,0.0,3.0,280.0
Karnataka,35,Yadgiri,2015.0,7.0,1.0,9.0,2.0,138.0,0.0,59.0,0.0,8.0,15.0,0.0,0.0,0.0,1.0,240.0
Karnataka,36,Belagavi City,2015.0,3.0,0.0,13.0,3.0,73.0,4.0,71.0,0.0,7.0,25.0,0.0,0.0,0.0,2.0,201.0
Kerala,1,Alapuzha,2015.0,48.0,1.0,10.0,0.0,201.0,13.0,154.0,0.0,5.0,1.0,0.0,0.0,10.0,2.0,445.0
Kerala,2,Ernakulam Commr.,2015.0,51.0,0.0,8.0,0.0,140.0,19.0,123.0,0.0,0.0,0.0,0.0,0.0,4.0,59.0,404.0
Kerala,3,Ernakulam Rural,2015.0,79.0,0.0,8.0,1.0,177.0,22.0,145.0,0.0,0.0,0.0,0.0,0.0,12.0,10.0,454.0
Kerala,4,Idukki,2015.0,85.0,0.0,12.0,0.0,181.0,13.0,108.0,0.0,0.0,0.0,0.0,0.0,6.0,0.0,405.0
Kerala,5,Kannur,2015.0,56.0,4.0,13.0,1.0,219.0,11.0,235.0,0.0,0.0,0.0,2.0,0.0,1.0,4.0,546.0
Kerala,6,Kasargod,2015.0,57.0,0.0,8.0,0.0,147.0,8.0,130.0,0.0,1.0,0.0,0.0,0.0,3.0,0.0,354.0
Kerala,7,Kollam Commr.,2015.0,56.0,0.0,6.0,0.0,172.0,7.0,221.0,0.0,0.0,0.0,0.0,0.0,22.0,4.0,488.0
Kerala,8,Kollam Rural,2015.0,52.0,0.0,7.0,0.0,218.0,19.0,195.0,0.0,5.0,0.0,0.0,0.0,6.0,0.0,502.0
Kerala,9,Kottayam,2015.0,48.0,0.0,9.0,0.0,153.0,23.0,135.0,0.0,0.0,0.0,0.0,0.0,6.0,2.0,376.0
Kerala,10,Kozhikode Commr.,2015.0,32.0,0.0,8.0,1.0,126.0,12.0,182.0,0.0,0.0,0.0,0.0,0.0,0.0,0.0,361.0
Kerala,11,Kozhikode Rural,2015.0,45.0,9.0,13.0,0.0,238.0,5.0,253.0,0.0,1.0,0.0,0.0,0.0,4.0,1.0,569.0
Kerala,12,Malappuram,2015.0,129.0,2.0,3.0,0.0,321.0,30.0,494.0,0.0,0.0,0.0,0.0,0.0,8.0,2.0,989.0
Kerala,13,Palakkad,2015.0,72.0,0.0,17.0,1.0,144.0,21.0,363.0,0.0,3.0,0.0,0.0,0.0,2.0,1.0,624.0
Kerala,14,Pathanamthitta,2015.0,62.0,0.0,7.0,0.0,178.0,8.0,75.0,0.0,0.0,0.0,0.0,0.0,1.0,0.0,331.0
Kerala,15,Railways,2015.0,1.0,0.0,0.0,0.0,43.0,5.0,0.0,0.0,0.0,0.0,0.0,0.0,0.0,0.0,49.0
Kerala,16,Thrissur Commr.,2015.0,45.0,1.0,6.0,0.0,102.0,11.0,90.0,0.0,1.0,1.0,0.0,0.0,0.0,7.0,264.0
Kerala,17,Thrissur Rural,2015.0,65.0,0.0,14.0,2.0,267.0,17.0,305.0,0.0,2.0,0.0,2.0,0.0,10.0,4.0,688.0
Kerala,18,Trivandrum Commr.,2015.0,38.0,1.0,15.0,0.0,207.0,7.0,97.0,0.0,0.0,0.0,0.0,0.0,29.0,31.0,425.0
Kerala,19,Trivandrum Rural,2015.0,129.0,9.0,20.0,1.0,603.0,10.0,253.0,0.0,2.0,2.0,0.0,0.0,8.0,3.0,1040.0
Kerala,20,Wayanadu,2015.0,104.0,3.0,7.0,0.0,144.0,6.0,109.0,0.0,2.0,0.0,0.0,0.0,0.0,5.0,380.0
Kerala,21,Crime Branch,2015.0,2.0,0.0,1.0,1.0,6.0,0.0,1.0,0.0,3.0,0.0,0.0,0.0,0.0,0.0,14.0
Madhya Pradesh,1,Agar,2015.0,32.0,1.0,15.0,1.0,87.0,8.0,41.0,0.0,1.0,0.0,0.0,0.0,0.0,0.0,186.0
Madhya Pradesh,2,Alirajpur,2015.0,36.0,0.0,14.0,2.0,23.0,1.0,11.0,0.0,16.0,0.0,0.0,0.0,0.0,0.0,103.0
Madhya Pradesh,3,Anuppur,2015.0,65.0,2.0,57.0,6.0,71.0,0.0,57.0,0.0,9.0,1.0,0.0,0.0,0.0,0.0,268.0
Madhya Pradesh,4,Ashok Nagar,2015.0,68.0,3.0,33.0,15.0,171.0,1.0,90.0,0.0,0.0,0.0,0.0,0.0,0.0,0.0,381.0
Madhya Pradesh,5,Balaghat,2015.0,146.0,0.0,92.0,8.0,151.0,6.0,77.0,0.0,9.0,6.0,0.0,0.0,0.0,0.0,495.0
Madhya Pradesh,6,Barwani,2015.0,102.0,0.0,23.0,4.0,94.0,2.0,19.0,0.0,11.0,0.0,0.0,0.0,0.0,0.0,255.0
Madhya Pradesh,7,Betul,2015.0,65.0,2.0,90.0,8.0,142.0,12.0,115.0,0.0,0.0,2.0,0.0,0.0,0.0,0.0,436.0
Madhya Pradesh,8,Bhind,2015.0,60.0,0.0,68.0,27.0,134.0,0.0,123.0,0.0,19.0,2.0,0.0,0.0,0.0,0.0,433.0
Madhya Pradesh,9,Bhopal,2015.0,161.0,3.0,263.0,16.0,392.0,20.0,337.0,0.0,0.0,0.0,0.0,0.0,0.0,0.0,1192.0
Madhya Pradesh,10,Bhopal Railway,2015.0,5.0,0.0,7.0,0.0,34.0,1.0,1.0,0.0,0.0,0.0,0.0,0.0,0.0,0.0,48.0
Madhya Pradesh,11,Burhanpur,2015.0,53.0,0.0,4.0,1.0,89.0,4.0,18.0,0.0,0.0,0.0,0.0,0.0,0.0,0.0,169.0
Madhya Pradesh,12,Chhatarpur,2015.0,52.0,1.0,115.0,24.0,183.0,0.0,112.0,0.0,0.0,0.0,0.0,0.0,0.0,0.0,487.0
Madhya Pradesh,13,Chhindwara,2015.0,173.0,0.0,147.0,10.0,227.0,0.0,110.0,0.0,24.0,4.0,0.0,0.0,0.0,0.0,695.0
Madhya Pradesh,14,Damoh,2015.0,45.0,0.0,85.0,18.0,123.0,0.0,78.0,0.0,22.0,0.0,0.0,0.0,0.0,0.0,371.0
Madhya Pradesh,15,Datia,2015.0,31.0,0.0,18.0,16.0,81.0,0.0,46.0,0.0,0.0,0.0,0.0,0.0,0.0,0.0,192.0
Madhya Pradesh,16,Dewas,2015.0,123.0,3.0,65.0,9.0,189.0,18.0,166.0,0.0,13.0,0.0,0.0,0.0,89.0,0.0,675.0
Madhya Pradesh,17,Dhar,2015.0,116.0,2.0,175.0,4.0,167.0,10.0,47.0,0.0,22.0,0.0,0.0,0.0,0.0,0.0,543.0
Madhya Pradesh,18,Dindori,2015.0,45.0,0.0,42.0,1.0,105.0,2.0,62.0,0.0,4.0,0.0,0.0,0.0,0.0,0.0,261.0
Madhya Pradesh,19,Guna,2015.0,110.0,0.0,33.0,5.0,184.0,13.0,76.0,0.0,0.0,0.0,0.0,0.0,0.0,0.0,421.0
Madhya Pradesh,20,Gwalior,2015.0,158.0,5.0,105.0,29.0,255.0,9.0,380.0,0.0,20.0,11.0,0.0,0.0,0.0,0.0,972.0
Madhya Pradesh,21,Harda,2015.0,48.0,0.0,74.0,4.0,74.0,1.0,9.0,0.0,0.0,0.0,0.0,0.0,0.0,0.0,210.0
Madhya Pradesh,22,Hoshangabad,2015.0,101.0,0.0,54.0,5.0,104.0,6.0,94.0,0.0,17.0,0.0,0.0,0.0,0.0,2.0,383.0
Madhya Pradesh,23,Indore,2015.0,99.0,4.0,332.0,27.0,311.0,111.0,268.0,0.0,30.0,2.0,0.0,0.0,0.0,9.0,1193.0
Madhya Pradesh,24,Indore Railway,2015.0,0.0,0.0,1.0,1.0,8.0,0.0,0.0,0.0,0.0,0.0,0.0,0.0,0.0,0.0,10.0
Madhya Pradesh,25,Jabalpur,2015.0,126.0,5.0,254.0,31.0,286.0,27.0,210.0,0.0,34.0,17.0,0.0,0.0,0.0,0.0,990.0
Madhya Pradesh,26,Jabalpur Railway,2015.0,6.0,0.0,4.0,1.0,20.0,0.0,0.0,0.0,0.0,0.0,0.0,0.0,0.0,0.0,31.0
Madhya Pradesh,27,Jhabua,2015.0,31.0,0.0,112.0,0.0,62.0,5.0,10.0,0.0,0.0,0.0,0.0,0.0,0.0,0.0,220.0
Madhya Pradesh,28,Katni,2015.0,99.0,0.0,91.0,16.0,175.0,2.0,47.0,0.0,12.0,1.0,0.0,0.0,0.0,1.0,444.0
Madhya Pradesh,29,Khandwa,2015.0,108.0,0.0,68.0,8.0,182.0,9.0,67.0,0.0,3.0,0.0,0.0,0.0,0.0,0.0,445.0
Madhya Pradesh,30,Khargone,2015.0,145.0,0.0,143.0,32.0,249.0,0.0,50.0,0.0,0.0,0.0,0.0,0.0,0.0,0.0,619.0
Madhya Pradesh,31,Mandla,2015.0,41.0,0.0,104.0,6.0,80.0,0.0,48.0,0.0,8.0,0.0,0.0,0.0,0.0,0.0,287.0
Madhya Pradesh,32,Mandsaur,2015.0,79.0,0.0,61.0,6.0,134.0,4.0,87.0,0.0,8.0,0.0,0.0,0.0,0.0,0.0,379.0
Madhya Pradesh,33,Morena,2015.0,85.0,2.0,57.0,37.0,147.0,5.0,186.0,0.0,26.0,0.0,0.0,0.0,0.0,0.0,545.0
Madhya Pradesh,34,Narsinghpur,2015.0,57.0,0.0,65.0,27.0,134.0,2.0,109.0,0.0,14.0,1.0,0.0,0.0,0.0,0.0,409.0
Madhya Pradesh,35,Neemuch,2015.0,51.0,0.0,19.0,8.0,95.0,0.0,14.0,0.0,11.0,0.0,0.0,0.0,0.0,9.0,207.0
Madhya Pradesh,36,Panna,2015.0,61.0,0.0,54.0,12.0,72.0,0.0,40.0,0.0,12.0,1.0,0.0,0.0,0.0,0.0,252.0
Madhya Pradesh,37,Raisen,2015.0,119.0,2.0,50.0,13.0,195.0,8.0,0.0,0.0,12.0,1.0,0.0,0.0,0.0,0.0,400.0
Madhya Pradesh,38,Rajgarh,2015.0,107.0,3.0,59.0,7.0,178.0,3.0,209.0,0.0,9.0,0.0,0.0,0.0,0.0,0.0,575.0
Madhya Pradesh,39,Ratlam,2015.0,79.0,0.0,128.0,7.0,176.0,12.0,105.0,0.0,23.0,0.0,1.0,0.0,0.0,2.0,533.0
Madhya Pradesh,40,Rewa,2015.0,135.0,0.0,180.0,26.0,157.0,0.0,126.0,0.0,16.0,1.0,0.0,0.0,0.0,1.0,642.0
Madhya Pradesh,41,Sagar,2015.0,173.0,3.0,145.0,35.0,418.0,8.0,173.0,0.0,21.0,1.0,0.0,0.0,0.0,0.0,977.0
Madhya Pradesh,42,Satna,2015.0,59.0,6.0,161.0,34.0,162.0,13.0,110.0,0.0,15.0,0.0,0.0,0.0,0.0,0.0,560.0
Madhya Pradesh,43,Seoni,2015.0,77.0,0.0,112.0,10.0,136.0,20.0,217.0,0.0,10.0,6.0,0.0,0.0,0.0,0.0,588.0
Madhya Pradesh,44,Shahdol,2015.0,112.0,0.0,86.0,14.0,198.0,2.0,211.0,0.0,12.0,0.0,0.0,0.0,1.0,0.0,636.0
Madhya Pradesh,45,Shajapur,2015.0,23.0,2.0,28.0,11.0,74.0,1.0,88.0,0.0,13.0,0.0,0.0,0.0,1.0,0.0,241.0
Madhya Pradesh,46,Sheopur,2015.0,22.0,0.0,22.0,2.0,14.0,2.0,27.0,0.0,0.0,0.0,0.0,0.0,0.0,0.0,89.0
Madhya Pradesh,47,Shivpuri,2015.0,108.0,3.0,68.0,14.0,208.0,3.0,86.0,0.0,14.0,2.0,0.0,0.0,0.0,0.0,506.0
Madhya Pradesh,48,Sidhi,2015.0,17.0,1.0,70.0,10.0,67.0,1.0,43.0,0.0,11.0,0.0,0.0,0.0,0.0,0.0,220.0
Madhya Pradesh,49,Sehore,2015.0,125.0,1.0,62.0,6.0,146.0,6.0,169.0,0.0,10.0,1.0,0.0,0.0,0.0,0.0,526.0
Madhya Pradesh,50,Singrauli,2015.0,69.0,0.0,67.0,19.0,81.0,1.0,92.0,0.0,15.0,0.0,0.0,0.0,0.0,0.0,344.0
Madhya Pradesh,51,Tikamgarh,2015.0,70.0,1.0,89.0,10.0,165.0,4.0,42.0,0.0,5.0,0.0,0.0,0.0,0.0,0.0,386.0
Madhya Pradesh,52,Ujjain,2015.0,143.0,1.0,159.0,6.0,291.0,20.0,224.0,0.0,24.0,2.0,0.0,0.0,0.0,1.0,871.0
Madhya Pradesh,53,Umaria,2015.0,44.0,1.0,30.0,0.0,48.0,1.0,43.0,0.0,0.0,0.0,0.0,0.0,0.0,0.0,167.0
Madhya Pradesh,54,Vidisha,2015.0,126.0,0.0,87.0,15.0,300.0,6.0,111.0,0.0,22.0,0.0,0.0,0.0,0.0,0.0,667.0
Madhya Pradesh,55,Cyber Cell,2015.0,0.0,0.0,0.0,0.0,0.0,0.0,0.0,0.0,0.0,0.0,0.0,0.0,0.0,0.0,0.0
Maharashtra,1,Ahmednagar,2015.0,106.0,1.0,148.0,14.0,376.0,7.0,243.0,0.0,54.0,0.0,0.0,0.0,0.0,4.0,953.0
Maharashtra,2,Akola,2015.0,44.0,0.0,47.0,4.0,222.0,6.0,144.0,0.0,19.0,3.0,0.0,0.0,0.0,0.0,489.0
Maharashtra,3,Amravati Commr.,2015.0,39.0,0.0,65.0,1.0,228.0,7.0,152.0,0.0,8.0,1.0,0.0,0.0,0.0,0.0,501.0
Maharashtra,4,Amravati Rural,2015.0,122.0,0.0,113.0,3.0,418.0,9.0,244.0,0.0,39.0,0.0,0.0,0.0,0.0,0.0,948.0
Maharashtra,5,Aurangabad Commr.,2015.0,65.0,0.0,90.0,3.0,383.0,4.0,314.0,0.0,20.0,0.0,0.0,0.0,0.0,3.0,882.0
Maharashtra,6,Aurangabad Rural,2015.0,45.0,0.0,43.0,18.0,242.0,5.0,185.0,0.0,0.0,0.0,0.0,0.0,0.0,1.0,539.0
Maharashtra,7,Beed,2015.0,78.0,0.0,60.0,5.0,263.0,3.0,362.0,0.0,49.0,0.0,0.0,0.0,0.0,3.0,823.0
Maharashtra,8,Bhandara,2015.0,25.0,0.0,52.0,0.0,92.0,8.0,41.0,0.0,4.0,0.0,0.0,0.0,0.0,3.0,225.0
Maharashtra,9,Buldhana,2015.0,63.0,0.0,21.0,14.0,266.0,24.0,140.0,0.0,37.0,2.0,0.0,0.0,0.0,0.0,567.0
Maharashtra,10,Chandrapur,2015.0,126.0,1.0,99.0,10.0,269.0,11.0,201.0,0.0,25.0,7.0,0.0,0.0,0.0,2.0,751.0
Maharashtra,11,Dhule,2015.0,35.0,0.0,24.0,6.0,69.0,7.0,200.0,0.0,7.0,0.0,0.0,0.0,0.0,0.0,348.0
Maharashtra,12,Gadchiroli,2015.0,41.0,1.0,18.0,1.0,40.0,6.0,13.0,0.0,5.0,0.0,0.0,0.0,0.0,0.0,125.0
Maharashtra,13,Gondia,2015.0,56.0,0.0,55.0,0.0,118.0,4.0,38.0,0.0,5.0,10.0,0.0,0.0,0.0,0.0,286.0
Maharashtra,14,Hingoli,2015.0,22.0,0.0,25.0,1.0,91.0,3.0,65.0,0.0,7.0,0.0,0.0,0.0,0.0,0.0,214.0
Maharashtra,15,Jalgaon,2015.0,66.0,1.0,88.0,1.0,288.0,21.0,276.0,0.0,0.0,1.0,0.0,0.0,0.0,1.0,743.0
Maharashtra,16,Jalna,2015.0,47.0,0.0,69.0,11.0,191.0,12.0,263.0,0.0,12.0,0.0,0.0,0.0,0.0,2.0,607.0
Maharashtra,17,Kolhapur,2015.0,93.0,0.0,158.0,7.0,219.0,2.0,128.0,0.0,10.0,0.0,0.0,0.0,0.0,16.0,633.0
Maharashtra,18,Latur,2015.0,54.0,0.0,68.0,8.0,155.0,1.0,205.0,0.0,15.0,0.0,0.0,0.0,0.0,6.0,512.0
Maharashtra,19,Mumbai Commr.,2015.0,712.0,0.0,904.0,9.0,2008.0,412.0,658.0,0.0,20.0,0.0,0.0,0.0,5.0,75.0,4803.0
Maharashtra,20,Mumbai Railway,2015.0,5.0,0.0,16.0,0.0,89.0,7.0,0.0,0.0,0.0,0.0,0.0,0.0,0.0,0.0,117.0
Maharashtra,21,Nagpur Commr.,2015.0,166.0,1.0,229.0,9.0,392.0,24.0,309.0,0.0,31.0,6.0,0.0,0.0,0.0,135.0,1302.0
Maharashtra,22,Nagpur Railway,2015.0,6.0,0.0,5.0,0.0,20.0,1.0,0.0,0.0,0.0,0.0,0.0,0.0,0.0,0.0,32.0
Maharashtra,23,Nagpur Rural,2015.0,84.0,0.0,62.0,1.0,167.0,16.0,61.0,0.0,21.0,8.0,0.0,0.0,0.0,0.0,420.0
Maharashtra,24,Nanded,2015.0,70.0,0.0,61.0,12.0,165.0,4.0,213.0,0.0,27.0,0.0,0.0,0.0,0.0,2.0,554.0
Maharashtra,25,Nandurbar,2015.0,25.0,0.0,22.0,0.0,41.0,4.0,38.0,0.0,11.0,0.0,0.0,0.0,0.0,1.0,142.0
Maharashtra,26,Nasik Commr.,2015.0,30.0,0.0,107.0,1.0,106.0,7.0,203.0,0.0,16.0,0.0,0.0,0.0,0.0,4.0,474.0
Maharashtra,27,Nasik Rural,2015.0,103.0,0.0,119.0,14.0,252.0,2.0,440.0,0.0,10.0,0.0,0.0,0.0,0.0,2.0,942.0
Maharashtra,28,Navi Mumbai,2015.0,104.0,0.0,163.0,9.0,202.0,25.0,89.0,0.0,16.0,0.0,0.0,0.0,0.0,11.0,619.0
Maharashtra,29,Osmanabad,2015.0,54.0,0.0,46.0,6.0,106.0,1.0,109.0,0.0,6.0,0.0,0.0,0.0,1.0,0.0,329.0
Maharashtra,30,Palghar,2015.0,135.0,0.0,249.0,2.0,226.0,13.0,51.0,0.0,11.0,0.0,0.0,0.0,1.0,3.0,691.0
Maharashtra,31,Parbhani,2015.0,44.0,0.0,40.0,11.0,153.0,1.0,205.0,0.0,18.0,1.0,0.0,0.0,0.0,0.0,473.0
Maharashtra,32,Pune Commr.,2015.0,266.0,0.0,466.0,17.0,705.0,66.0,379.0,0.0,15.0,0.0,0.0,0.0,0.0,55.0,1969.0
Maharashtra,33,Pune Railway,2015.0,4.0,0.0,5.0,0.0,13.0,0.0,0.0,0.0,2.0,0.0,0.0,0.0,0.0,0.0,24.0
Maharashtra,34,Pune Rural,2015.0,181.0,0.0,170.0,5.0,508.0,28.0,211.0,0.0,11.0,0.0,0.0,0.0,0.0,4.0,1118.0
Maharashtra,35,Raigad,2015.0,88.0,3.0,50.0,1.0,108.0,12.0,50.0,0.0,4.0,0.0,0.0,0.0,0.0,0.0,316.0
Maharashtra,36,Ratnagiri,2015.0,48.0,0.0,28.0,1.0,60.0,16.0,18.0,0.0,0.0,0.0,0.0,0.0,0.0,0.0,171.0
Maharashtra,37,Sangli,2015.0,67.0,0.0,95.0,16.0,171.0,4.0,103.0,0.0,36.0,0.0,0.0,0.0,0.0,1.0,493.0
Maharashtra,38,Satara,2015.0,114.0,1.0,150.0,2.0,274.0,18.0,155.0,0.0,38.0,0.0,0.0,0.0,0.0,2.0,754.0
Maharashtra,39,Sindhudurg,2015.0,28.0,0.0,13.0,0.0,38.0,2.0,10.0,0.0,0.0,0.0,0.0,0.0,0.0,0.0,91.0
Maharashtra,40,Solapur Commr.,2015.0,49.0,0.0,59.0,1.0,81.0,4.0,61.0,0.0,8.0,0.0,0.0,0.0,0.0,1.0,264.0
Maharashtra,41,Solapur Rural,2015.0,109.0,2.0,85.0,8.0,251.0,2.0,113.0,0.0,40.0,0.0,0.0,0.0,0.0,0.0,610.0
Maharashtra,42,Thane Commr.,2015.0,251.0,0.0,398.0,7.0,564.0,41.0,357.0,0.0,0.0,0.0,0.0,0.0,0.0,28.0,1646.0
Maharashtra,43,Thane Rural,2015.0,86.0,0.0,106.0,2.0,176.0,121.0,137.0,0.0,2.0,0.0,0.0,0.0,0.0,13.0,643.0
Maharashtra,44,Wardha,2015.0,60.0,0.0,56.0,0.0,243.0,4.0,67.0,0.0,12.0,1.0,0.0,0.0,0.0,0.0,443.0
Maharashtra,45,Washim,2015.0,30.0,0.0,34.0,12.0,206.0,4.0,127.0,0.0,12.0,0.0,0.0,0.0,0.0,0.0,425.0
Maharashtra,46,Yavatmal,2015.0,98.0,2.0,115.0,15.0,458.0,140.0,262.0,0.0,19.0,2.0,0.0,0.0,1.0,3.0,1115.0
Manipur,1,Bishnupur,2015.0,10.0,0.0,12.0,0.0,9.0,0.0,10.0,0.0,0.0,0.0,0.0,0.0,0.0,0.0,41.0
Manipur,2,Chandel,2015.0,0.0,0.0,1.0,0.0,0.0,0.0,1.0,0.0,0.0,0.0,0.0,0.0,0.0,0.0,2.0
Manipur,3,Churachandpur,2015.0,2.0,0.0,0.0,0.0,0.0,0.0,0.0,0.0,0.0,0.0,0.0,0.0,0.0,0.0,2.0
Manipur,4,C. I. D.,2015.0,0.0,0.0,0.0,0.0,0.0,0.0,0.0,0.0,0.0,0.0,0.0,0.0,0.0,0.0,0.0
Manipur,5,Imphal East,2015.0,11.0,1.0,17.0,0.0,23.0,2.0,5.0,0.0,0.0,0.0,0.0,0.0,0.0,0.0,59.0
Manipur,6,Imphal West,2015.0,13.0,0.0,34.0,0.0,43.0,0.0,13.0,0.0,0.0,0.0,0.0,0.0,0.0,0.0,103.0
Manipur,7,Senapati,2015.0,0.0,0.0,2.0,0.0,0.0,0.0,0.0,0.0,0.0,0.0,0.0,0.0,0.0,0.0,2.0
Manipur,8,Tamenglong,2015.0,0.0,0.0,0.0,0.0,0.0,0.0,0.0,0.0,0.0,0.0,0.0,0.0,0.0,0.0,0.0
Manipur,9,Thoubal,2015.0,9.0,0.0,28.0,0.0,9.0,0.0,10.0,0.0,0.0,0.0,0.0,0.0,0.0,0.0,56.0
Manipur,10,Ukhrul,2015.0,1.0,0.0,0.0,0.0,0.0,0.0,0.0,0.0,0.0,0.0,0.0,0.0,0.0,0.0,1.0
Meghalaya,1,Garo Hills East,2015.0,2.0,0.0,0.0,0.0,5.0,0.0,1.0,0.0,0.0,0.0,0.0,0.0,0.0,0.0,8.0
Meghalaya,2,Garo Hills North,2015.0,5.0,0.0,10.0,0.0,5.0,0.0,1.0,0.0,0.0,0.0,0.0,0.0,0.0,0.0,21.0
Meghalaya,3,Garo Hills South,2015.0,2.0,0.0,3.0,0.0,2.0,0.0,0.0,0.0,0.0,0.0,0.0,0.0,0.0,0.0,7.0
Meghalaya,4,Garo Hills South West,2015.0,5.0,0.0,0.0,0.0,8.0,1.0,6.0,0.0,0.0,0.0,0.0,0.0,0.0,0.0,20.0
Meghalaya,5,Garo Hills West,2015.0,10.0,8.0,20.0,0.0,10.0,1.0,9.0,0.0,0.0,0.0,0.0,0.0,0.0,0.0,58.0
Meghalaya,6,Jaintia Hills West,2015.0,9.0,1.0,7.0,0.0,0.0,0.0,0.0,0.0,0.0,0.0,0.0,0.0,0.0,0.0,17.0
Meghalaya,7,Jaintia Hills East,2015.0,5.0,0.0,2.0,0.0,8.0,0.0,0.0,0.0,0.0,0.0,0.0,0.0,0.0,0.0,15.0
Meghalaya,8,Khasi Hills East,2015.0,15.0,3.0,3.0,0.0,43.0,17.0,24.0,0.0,0.0,0.0,0.0,0.0,0.0,0.0,105.0
Meghalaya,9,Khasi Hills South West,2015.0,4.0,0.0,0.0,0.0,2.0,0.0,0.0,0.0,0.0,0.0,0.0,0.0,0.0,0.0,6.0
Meghalaya,10,Khasi Hills West,2015.0,3.0,0.0,2.0,0.0,4.0,0.0,2.0,0.0,0.0,0.0,0.0,0.0,0.0,0.0,11.0
Meghalaya,11,Ri-Bhoi,2015.0,33.0,11.0,11.0,1.0,8.0,1.0,1.0,0.0,0.0,0.0,0.0,0.0,0.0,0.0,66.0
Mizoram,1,Aizawl,2015.0,17.0,2.0,3.0,0.0,30.0,1.0,3.0,0.0,0.0,0.0,0.0,0.0,0.0,0.0,56.0
Mizoram,2,Champhai,2015.0,5.0,0.0,0.0,0.0,5.0,0.0,0.0,0.0,0.0,0.0,0.0,0.0,0.0,0.0,10.0
Mizoram,3,Kolasib,2015.0,6.0,0.0,3.0,0.0,7.0,0.0,3.0,0.0,0.0,0.0,0.0,0.0,0.0,0.0,19.0
Mizoram,4,Lawngtlai,2015.0,7.0,4.0,1.0,0.0,3.0,0.0,0.0,0.0,0.0,0.0,0.0,0.0,0.0,0.0,15.0
Mizoram,5,Lunglei,2015.0,9.0,0.0,0.0,0.0,16.0,1.0,0.0,0.0,0.0,0.0,0.0,0.0,0.0,0.0,26.0
Mizoram,6,Mamit,2015.0,1.0,0.0,0.0,0.0,9.0,0.0,2.0,0.0,0.0,0.0,0.0,0.0,0.0,0.0,12.0
Mizoram,7,Saiha,2015.0,6.0,0.0,0.0,0.0,2.0,0.0,0.0,0.0,0.0,0.0,0.0,0.0,0.0,0.0,8.0
Mizoram,8,Serchhip,2015.0,7.0,0.0,1.0,0.0,3.0,0.0,1.0,0.0,0.0,0.0,0.0,0.0,0.0,0.0,12.0
Mizoram,9,Spl Traffic,2015.0,0.0,0.0,0.0,0.0,0.0,0.0,0.0,0.0,0.0,0.0,0.0,0.0,0.0,0.0,0.0
Mizoram,10,Spl Narcotic,2015.0,0.0,0.0,0.0,0.0,0.0,0.0,0.0,0.0,0.0,0.0,0.0,0.0,0.0,0.0,0.0
Nagaland,1,Dimapur,2015.0,16.0,1.0,29.0,0.0,6.0,1.0,2.0,0.0,0.0,0.0,0.0,0.0,0.0,3.0,58.0
Nagaland,2,Kiphire,2015.0,0.0,0.0,0.0,0.0,0.0,0.0,0.0,0.0,0.0,0.0,0.0,0.0,0.0,0.0,0.0
Nagaland,3,Kohima,2015.0,10.0,0.0,0.0,0.0,0.0,8.0,1.0,0.0,0.0,0.0,0.0,0.0,0.0,0.0,19.0
Nagaland,4,Longleng,2015.0,0.0,0.0,0.0,0.0,0.0,0.0,0.0,0.0,0.0,0.0,0.0,0.0,0.0,0.0,0.0
Nagaland,5,Mokokchung,2015.0,1.0,0.0,0.0,0.0,0.0,0.0,0.0,0.0,0.0,0.0,0.0,0.0,0.0,0.0,1.0
Nagaland,6,Mon,2015.0,2.0,0.0,0.0,0.0,2.0,0.0,1.0,0.0,0.0,0.0,0.0,0.0,0.0,0.0,5.0
Nagaland,7,Peren,2015.0,1.0,0.0,0.0,0.0,0.0,0.0,0.0,0.0,0.0,0.0,0.0,0.0,0.0,0.0,1.0
Nagaland,8,Phek,2015.0,2.0,0.0,0.0,0.0,0.0,0.0,0.0,0.0,0.0,0.0,0.0,0.0,0.0,0.0,2.0
Nagaland,9,Tuensang,2015.0,0.0,0.0,1.0,0.0,0.0,0.0,0.0,0.0,0.0,0.0,0.0,0.0,0.0,0.0,1.0
Nagaland,10,Wokha,2015.0,2.0,0.0,0.0,0.0,0.0,0.0,0.0,0.0,0.0,0.0,0.0,0.0,0.0,0.0,2.0
Nagaland,11,Zunheboto,2015.0,1.0,0.0,0.0,0.0,0.0,0.0,0.0,0.0,0.0,0.0,0.0,0.0,0.0,0.0,1.0
Odisha,1,Angul,2015.0,55.0,7.0,79.0,1.0,287.0,17.0,164.0,0.0,0.0,0.0,0.0,0.0,0.0,2.0,612.0
Odisha,2,Balasore,2015.0,125.0,18.0,194.0,0.0,591.0,17.0,97.0,0.0,0.0,359.0,0.0,0.0,0.0,2.0,1403.0
Odisha,3,Baragarh,2015.0,85.0,0.0,88.0,17.0,320.0,20.0,171.0,0.0,0.0,0.0,0.0,0.0,0.0,5.0,706.0
Odisha,4,Berhampur,2015.0,40.0,0.0,54.0,0.0,95.0,21.0,236.0,0.0,0.0,0.0,0.0,0.0,0.0,4.0,450.0
Odisha,5,Bhadrak,2015.0,79.0,0.0,126.0,12.0,259.0,19.0,177.0,0.0,0.0,0.0,0.0,0.0,0.0,0.0,672.0
Odisha,6,Bolangir,2015.0,73.0,0.0,94.0,12.0,315.0,9.0,85.0,0.0,0.0,0.0,0.0,0.0,0.0,2.0,590.0
Odisha,7,Boudh,2015.0,27.0,0.0,14.0,8.0,113.0,4.0,23.0,0.0,0.0,50.0,0.0,0.0,0.0,0.0,239.0
Odisha,8,Cuttack,2015.0,46.0,0.0,70.0,0.0,55.0,18.0,29.0,0.0,0.0,0.0,0.0,0.0,0.0,0.0,218.0
Odisha,9,DCP BBSR,2015.0,87.0,0.0,140.0,22.0,130.0,20.0,143.0,0.0,0.0,0.0,0.0,0.0,0.0,17.0,559.0
Odisha,10,DCP CTC,2015.0,40.0,0.0,106.0,14.0,73.0,2.0,45.0,0.0,0.0,181.0,0.0,0.0,0.0,0.0,461.0
Odisha,11,Deogarh,2015.0,24.0,3.0,23.0,2.0,126.0,12.0,31.0,0.0,0.0,26.0,0.0,0.0,0.0,0.0,247.0
Odisha,12,Dhenkanal,2015.0,50.0,3.0,47.0,13.0,442.0,34.0,43.0,0.0,0.0,134.0,0.0,0.0,0.0,0.0,766.0
Odisha,13,Gajapati,2015.0,26.0,0.0,5.0,2.0,78.0,1.0,10.0,0.0,0.0,21.0,0.0,0.0,0.0,0.0,143.0
Odisha,14,Ganjam,2015.0,91.0,0.0,112.0,19.0,184.0,33.0,112.0,0.0,0.0,0.0,0.0,0.0,0.0,0.0,551.0
Odisha,15,Jagatsinghpur,2015.0,48.0,0.0,68.0,27.0,195.0,15.0,114.0,0.0,0.0,0.0,0.0,0.0,0.0,0.0,467.0
Odisha,16,Jajpur,2015.0,125.0,21.0,121.0,46.0,189.0,19.0,194.0,0.0,0.0,0.0,0.0,0.0,0.0,0.0,715.0
Odisha,17,Jharsuguda,2015.0,45.0,0.0,24.0,4.0,114.0,2.0,51.0,0.0,0.0,0.0,0.0,0.0,0.0,0.0,240.0
Odisha,18,Kalahandi,2015.0,67.0,4.0,105.0,7.0,382.0,25.0,180.0,0.0,0.0,0.0,0.0,0.0,0.0,0.0,770.0
Odisha,19,Kandhamal,2015.0,80.0,13.0,76.0,7.0,80.0,16.0,217.0,0.0,0.0,0.0,0.0,0.0,0.0,0.0,489.0
Odisha,20,Kendrapara,2015.0,44.0,18.0,78.0,18.0,196.0,21.0,228.0,0.0,0.0,0.0,0.0,0.0,0.0,1.0,604.0
Odisha,21,Keonjhar,2015.0,107.0,5.0,75.0,11.0,309.0,11.0,93.0,0.0,0.0,0.0,0.0,0.0,0.0,0.0,611.0
Odisha,22,Khurda,2015.0,50.0,0.0,53.0,17.0,74.0,19.0,116.0,0.0,0.0,0.0,0.0,0.0,0.0,0.0,329.0
Odisha,23,Koraput,2015.0,119.0,0.0,86.0,12.0,164.0,9.0,154.0,0.0,0.0,0.0,0.0,0.0,0.0,0.0,544.0
Odisha,24,Malkangiri,2015.0,28.0,0.0,24.0,4.0,66.0,5.0,14.0,0.0,0.0,21.0,0.0,0.0,0.0,0.0,162.0
Odisha,25,Mayurbhanj,2015.0,154.0,14.0,126.0,0.0,301.0,28.0,242.0,0.0,0.0,0.0,0.0,0.0,0.0,1.0,866.0
Odisha,26,Nayagarh,2015.0,35.0,7.0,52.0,20.0,79.0,4.0,21.0,0.0,0.0,90.0,0.0,0.0,0.0,1.0,309.0
Odisha,27,Nabarangpur,2015.0,101.0,3.0,110.0,3.0,281.0,20.0,100.0,0.0,0.0,48.0,0.0,0.0,0.0,0.0,666.0
Odisha,28,Nuapada,2015.0,24.0,0.0,32.0,1.0,97.0,6.0,75.0,0.0,0.0,0.0,0.0,0.0,0.0,0.0,235.0
Odisha,29,Puri,2015.0,64.0,8.0,135.0,26.0,139.0,7.0,70.0,0.0,0.0,186.0,0.0,0.0,0.0,0.0,635.0
Odisha,30,Rayagada,2015.0,66.0,0.0,78.0,5.0,88.0,13.0,56.0,0.0,0.0,0.0,0.0,0.0,0.0,0.0,306.0
Odisha,31,Rourkela,2015.0,70.0,0.0,83.0,4.0,192.0,5.0,83.0,0.0,0.0,82.0,0.0,0.0,0.0,0.0,519.0
Odisha,32,Sambalpur,2015.0,91.0,11.0,38.0,14.0,240.0,10.0,129.0,0.0,0.0,2.0,0.0,0.0,0.0,0.0,535.0
Odisha,33,Sonepur,2015.0,22.0,2.0,16.0,8.0,111.0,4.0,18.0,0.0,0.0,0.0,0.0,0.0,0.0,0.0,181.0
Odisha,34,SRP (Cuttack),2015.0,3.0,0.0,3.0,0.0,8.0,0.0,0.0,0.0,0.0,0.0,0.0,0.0,0.0,0.0,14.0
Odisha,35,SRP (Rourkela),2015.0,1.0,0.0,6.0,0.0,4.0,2.0,2.0,0.0,0.0,0.0,0.0,0.0,0.0,0.0,15.0
Odisha,36,Sundargarh,2015.0,59.0,0.0,46.0,0.0,122.0,3.0,82.0,0.0,1.0,1.0,0.0,0.0,0.0,0.0,314.0
Odisha,37,"CID, CB",2015.0,0.0,0.0,0.0,0.0,0.0,0.0,0.0,0.0,0.0,0.0,0.0,0.0,0.0,0.0,0.0
Odisha,38,HRPC,2015.0,0.0,0.0,0.0,0.0,0.0,1.0,0.0,0.0,0.0,0.0,0.0,0.0,0.0,0.0,1.0
Punjab,1,Amritsar Rural,2015.0,49.0,16.0,69.0,2.0,60.0,0.0,59.0,0.0,8.0,1.0,0.0,0.0,0.0,0.0,264.0
Punjab,2,Barnala,2015.0,28.0,1.0,29.0,0.0,33.0,0.0,26.0,0.0,8.0,1.0,0.0,0.0,0.0,0.0,126.0
Punjab,3,Batala,2015.0,27.0,2.0,41.0,8.0,25.0,0.0,43.0,0.0,0.0,0.0,0.0,0.0,0.0,0.0,146.0
Punjab,4,Bathinda,2015.0,57.0,4.0,47.0,7.0,55.0,2.0,48.0,0.0,10.0,0.0,0.0,0.0,0.0,5.0,235.0
Punjab,5,CP Amritsar,2015.0,27.0,6.0,62.0,3.0,38.0,2.0,102.0,0.0,4.0,0.0,0.0,0.0,0.0,5.0,249.0
Punjab,6,CP Jalandhar,2015.0,41.0,10.0,99.0,1.0,77.0,7.0,114.0,0.0,9.0,0.0,0.0,0.0,0.0,3.0,361.0
Punjab,7,CP Ludhiana,2015.0,101.0,18.0,231.0,4.0,131.0,7.0,128.0,0.0,12.0,0.0,0.0,0.0,0.0,21.0,653.0
Punjab,8,Faridkot,2015.0,24.0,3.0,8.0,1.0,36.0,0.0,13.0,0.0,4.0,0.0,0.0,0.0,0.0,1.0,90.0
Punjab,9,Fatehgarh Sahib,2015.0,22.0,1.0,13.0,0.0,32.0,0.0,40.0,0.0,1.0,0.0,0.0,0.0,0.0,0.0,109.0
Punjab,10,Fazilka,2015.0,44.0,2.0,24.0,2.0,36.0,0.0,52.0,0.0,3.0,1.0,0.0,0.0,0.0,1.0,165.0
Punjab,11,Ferozepur,2015.0,26.0,1.0,38.0,0.0,40.0,1.0,40.0,0.0,2.0,0.0,0.0,0.0,0.0,1.0,149.0
Punjab,12,G. R. P.,2015.0,1.0,0.0,2.0,0.0,5.0,1.0,0.0,0.0,0.0,0.0,0.0,0.0,0.0,0.0,9.0
Punjab,13,Gurdaspur,2015.0,17.0,0.0,25.0,3.0,16.0,0.0,36.0,0.0,0.0,0.0,0.0,0.0,0.0,0.0,97.0
Punjab,14,Hoshiarpur,2015.0,45.0,7.0,47.0,10.0,53.0,0.0,115.0,0.0,12.0,0.0,0.0,0.0,0.0,3.0,292.0
Punjab,15,Jalandhar Rural,2015.0,33.0,3.0,32.0,2.0,36.0,0.0,37.0,0.0,8.0,0.0,0.0,0.0,0.0,1.0,152.0
Punjab,16,Kapurthala,2015.0,21.0,2.0,32.0,5.0,33.0,1.0,46.0,0.0,1.0,0.0,0.0,0.0,0.0,6.0,147.0
Punjab,17,Khanna,2015.0,14.0,6.0,42.0,0.0,21.0,0.0,33.0,0.0,0.0,0.0,0.0,0.0,0.0,3.0,119.0
Punjab,18,Ludhiana Rural,2015.0,7.0,0.0,58.0,1.0,24.0,1.0,31.0,0.0,0.0,0.0,0.0,0.0,0.0,0.0,122.0
Punjab,19,Mansa,2015.0,26.0,7.0,7.0,2.0,22.0,0.0,46.0,0.0,4.0,0.0,0.0,0.0,0.0,2.0,116.0
Punjab,20,Moga,2015.0,22.0,1.0,39.0,0.0,33.0,2.0,25.0,0.0,6.0,1.0,0.0,0.0,1.0,2.0,132.0
Punjab,21,Muktsar,2015.0,21.0,2.0,23.0,1.0,19.0,3.0,37.0,0.0,6.0,2.0,1.0,0.0,0.0,2.0,117.0
Punjab,22,Pathankot,2015.0,17.0,5.0,24.0,1.0,28.0,0.0,49.0,0.0,3.0,1.0,0.0,0.0,0.0,3.0,131.0
Punjab,23,Patiala,2015.0,57.0,6.0,87.0,7.0,83.0,0.0,152.0,0.0,19.0,1.0,0.0,0.0,0.0,3.0,415.0
Punjab,24,Ropar,2015.0,19.0,6.0,16.0,5.0,34.0,0.0,31.0,0.0,0.0,0.0,0.0,0.0,0.0,0.0,111.0
Punjab,25,Sangrur,2015.0,45.0,2.0,48.0,9.0,51.0,0.0,64.0,0.0,0.0,0.0,0.0,0.0,0.0,6.0,225.0
Punjab,26,SAS Nagar,2015.0,43.0,7.0,65.0,5.0,51.0,0.0,127.0,0.0,0.0,0.0,0.0,0.0,0.0,0.0,298.0
Punjab,27,SBS Nagar,2015.0,16.0,2.0,0.0,1.0,13.0,0.0,37.0,0.0,2.0,0.0,0.0,0.0,0.0,1.0,72.0
Punjab,28,Tarn Taran,2015.0,36.0,8.0,45.0,5.0,38.0,0.0,52.0,0.0,4.0,0.0,0.0,0.0,1.0,0.0,189.0
Rajasthan,1,Ajmer,2015.0,123.0,18.0,167.0,9.0,184.0,1.0,792.0,0.0,7.0,0.0,0.0,0.0,0.0,2.0,1303.0
Rajasthan,2,Alwar,2015.0,254.0,77.0,224.0,44.0,205.0,0.0,717.0,0.0,3.0,4.0,1.0,0.0,0.0,3.0,1532.0
Rajasthan,3,Banswara,2015.0,100.0,3.0,128.0,13.0,70.0,0.0,212.0,0.0,7.0,1.0,0.0,0.0,10.0,0.0,544.0
Rajasthan,4,Baran,2015.0,86.0,12.0,128.0,4.0,208.0,0.0,349.0,0.0,7.0,0.0,0.0,0.0,0.0,0.0,794.0
Rajasthan,5,Barmer,2015.0,120.0,5.0,47.0,39.0,268.0,0.0,278.0,0.0,2.0,0.0,1.0,0.0,0.0,0.0,760.0
Rajasthan,6,Bharatpur,2015.0,244.0,64.0,196.0,31.0,74.0,0.0,594.0,0.0,3.0,0.0,0.0,0.0,0.0,2.0,1208.0
Rajasthan,7,Bhilwara,2015.0,90.0,0.0,212.0,9.0,160.0,1.0,711.0,0.0,4.0,0.0,0.0,0.0,0.0,0.0,1187.0
Rajasthan,8,Bikaner,2015.0,91.0,0.0,65.0,22.0,68.0,0.0,475.0,0.0,6.0,2.0,1.0,0.0,0.0,1.0,731.0
Rajasthan,9,Bundi,2015.0,60.0,0.0,128.0,3.0,143.0,0.0,293.0,0.0,0.0,0.0,1.0,0.0,0.0,4.0,632.0
Rajasthan,10,Chittorgarh,2015.0,106.0,0.0,142.0,10.0,130.0,0.0,619.0,0.0,4.0,0.0,0.0,0.0,0.0,2.0,1013.0
Rajasthan,11,Churu,2015.0,81.0,6.0,42.0,14.0,44.0,0.0,237.0,0.0,3.0,0.0,0.0,0.0,1.0,0.0,428.0
Rajasthan,12,Dausa,2015.0,53.0,0.0,61.0,5.0,23.0,0.0,199.0,0.0,3.0,0.0,0.0,0.0,0.0,0.0,344.0
Rajasthan,13,Dholpur,2015.0,56.0,25.0,90.0,28.0,41.0,0.0,264.0,0.0,0.0,0.0,0.0,0.0,0.0,0.0,504.0
Rajasthan,14,Dungarpur,2015.0,117.0,1.0,121.0,10.0,90.0,0.0,172.0,0.0,7.0,0.0,0.0,0.0,0.0,0.0,518.0
Rajasthan,15,G.R.P.Ajmer,2015.0,2.0,0.0,0.0,1.0,12.0,0.0,0.0,0.0,2.0,0.0,0.0,0.0,0.0,0.0,17.0
Rajasthan,16,G.R.P.Jodhpur,2015.0,0.0,0.0,1.0,1.0,4.0,0.0,0.0,0.0,0.0,0.0,0.0,0.0,0.0,0.0,6.0
Rajasthan,17,Ganganagar,2015.0,160.0,9.0,108.0,13.0,147.0,0.0,812.0,0.0,12.0,0.0,1.0,0.0,0.0,4.0,1266.0
Rajasthan,18,Hanumangarh,2015.0,122.0,14.0,80.0,14.0,83.0,0.0,549.0,0.0,5.0,1.0,0.0,0.0,0.0,1.0,869.0
Rajasthan,19,Jaipur East,2015.0,83.0,2.0,122.0,7.0,108.0,0.0,262.0,0.0,1.0,0.0,0.0,0.0,0.0,4.0,589.0
Rajasthan,20,Jaipur North,2015.0,62.0,0.0,89.0,5.0,59.0,0.0,305.0,0.0,0.0,0.0,0.0,0.0,0.0,3.0,523.0
Rajasthan,21,Jaipur Rural,2015.0,83.0,23.0,95.0,8.0,123.0,0.0,257.0,0.0,3.0,1.0,1.0,0.0,0.0,2.0,596.0
Rajasthan,22,Jaipur South,2015.0,64.0,0.0,69.0,8.0,59.0,0.0,224.0,0.0,1.0,0.0,0.0,0.0,0.0,4.0,429.0
Rajasthan,23,Jaipur West,2015.0,70.0,1.0,123.0,10.0,98.0,0.0,322.0,0.0,1.0,0.0,0.0,0.0,1.0,12.0,638.0
Rajasthan,24,Jaisalmer,2015.0,9.0,0.0,13.0,4.0,53.0,0.0,39.0,0.0,0.0,0.0,0.0,0.0,0.0,0.0,118.0
Rajasthan,25,Jalore,2015.0,29.0,0.0,31.0,12.0,49.0,0.0,174.0,0.0,4.0,0.0,1.0,0.0,0.0,0.0,300.0
Rajasthan,26,Jhalawar,2015.0,130.0,11.0,124.0,8.0,266.0,0.0,444.0,0.0,4.0,0.0,0.0,0.0,0.0,0.0,987.0
Rajasthan,27,Jhunjhunu,2015.0,88.0,3.0,68.0,11.0,45.0,0.0,325.0,0.0,4.0,0.0,1.0,0.0,0.0,0.0,545.0
Rajasthan,28,Jodhpur East,2015.0,46.0,0.0,36.0,3.0,131.0,0.0,193.0,0.0,8.0,0.0,0.0,0.0,0.0,8.0,425.0
Rajasthan,29,Jodhpur West,2015.0,30.0,0.0,42.0,11.0,89.0,0.0,209.0,0.0,4.0,0.0,0.0,0.0,0.0,3.0,388.0
Rajasthan,30,Jodhpur Rural,2015.0,56.0,2.0,54.0,16.0,144.0,6.0,134.0,0.0,3.0,0.0,0.0,0.0,0.0,0.0,415.0
Rajasthan,31,Karauli,2015.0,56.0,35.0,94.0,16.0,98.0,0.0,201.0,0.0,0.0,0.0,0.0,0.0,0.0,0.0,500.0
Rajasthan,32,Kota City,2015.0,91.0,10.0,143.0,4.0,136.0,0.0,471.0,0.0,1.0,0.0,0.0,0.0,0.0,2.0,858.0
Rajasthan,33,Kota Rural,2015.0,40.0,0.0,81.0,3.0,159.0,0.0,193.0,0.0,2.0,0.0,0.0,0.0,0.0,0.0,478.0
Rajasthan,34,Nagaur,2015.0,96.0,0.0,146.0,10.0,108.0,0.0,512.0,0.0,9.0,0.0,0.0,0.0,0.0,0.0,881.0
Rajasthan,35,Pali,2015.0,79.0,5.0,139.0,10.0,229.0,0.0,489.0,0.0,2.0,0.0,1.0,0.0,0.0,2.0,956.0
Rajasthan,36,Pratapgarh,2015.0,191.0,4.0,106.0,7.0,179.0,0.0,242.0,0.0,8.0,0.0,0.0,0.0,0.0,2.0,739.0
Rajasthan,37,Rajsamand,2015.0,39.0,0.0,76.0,6.0,80.0,0.0,267.0,0.0,3.0,0.0,0.0,0.0,0.0,3.0,474.0
Rajasthan,38,Sawai Madhopur,2015.0,58.0,13.0,91.0,11.0,92.0,0.0,262.0,0.0,1.0,0.0,0.0,0.0,0.0,11.0,539.0
Rajasthan,39,Sikar,2015.0,92.0,6.0,105.0,15.0,55.0,0.0,420.0,0.0,2.0,0.0,0.0,0.0,0.0,0.0,695.0
Rajasthan,40,Sirohi,2015.0,60.0,10.0,72.0,4.0,83.0,1.0,216.0,0.0,0.0,0.0,0.0,0.0,2.0,2.0,450.0
Rajasthan,41,Tonk,2015.0,36.0,21.0,74.0,1.0,72.0,0.0,332.0,0.0,2.0,0.0,0.0,0.0,0.0,1.0,539.0
Rajasthan,42,Udaipur,2015.0,191.0,27.0,234.0,3.0,344.0,0.0,617.0,0.0,23.0,0.0,0.0,0.0,0.0,8.0,1447.0
Rajasthan,43,Jaipur Metro,2015.0,0.0,0.0,0.0,0.0,0.0,0.0,0.0,0.0,0.0,0.0,0.0,0.0,0.0,0.0,0.0
Sikkim,1,East,2015.0,0.0,1.0,18.0,1.0,14.0,2.0,2.0,0.0,0.0,0.0,0.0,0.0,0.0,0.0,38.0
Sikkim,2,North,2015.0,0.0,0.0,0.0,0.0,1.0,0.0,0.0,0.0,0.0,0.0,0.0,0.0,0.0,0.0,1.0
Sikkim,3,South,2015.0,2.0,0.0,3.0,0.0,3.0,0.0,0.0,0.0,0.0,0.0,0.0,0.0,0.0,0.0,8.0
Sikkim,4,West,2015.0,3.0,0.0,0.0,0.0,3.0,0.0,0.0,0.0,0.0,0.0,0.0,0.0,0.0,0.0,6.0
Tamil Nadu,1,Ariyalur,2015.0,5.0,0.0,3.0,0.0,19.0,0.0,5.0,0.0,0.0,1.0,0.0,0.0,0.0,0.0,33.0
Tamil Nadu,2,Chennai,2015.0,25.0,4.0,15.0,7.0,68.0,2.0,196.0,0.0,0.0,3.0,0.0,0.0,2.0,201.0,523.0
Tamil Nadu,3,Coimbatore,2015.0,5.0,0.0,19.0,1.0,28.0,0.0,28.0,0.0,0.0,1.0,0.0,0.0,0.0,14.0,96.0
Tamil Nadu,4,Coimbatore City,2015.0,2.0,0.0,6.0,1.0,16.0,0.0,41.0,0.0,0.0,0.0,1.0,0.0,0.0,37.0,104.0
Tamil Nadu,5,Cuddalore,2015.0,27.0,0.0,47.0,3.0,61.0,0.0,53.0,0.0,0.0,2.0,0.0,0.0,0.0,3.0,196.0
Tamil Nadu,6,Dharmapuri,2015.0,9.0,3.0,99.0,0.0,30.0,2.0,20.0,0.0,10.0,0.0,0.0,0.0,0.0,5.0,178.0
Tamil Nadu,7,Dindigul,2015.0,19.0,0.0,148.0,4.0,46.0,0.0,96.0,0.0,0.0,0.0,0.0,0.0,0.0,25.0,338.0
Tamil Nadu,8,Erode,2015.0,4.0,0.0,8.0,0.0,23.0,0.0,28.0,0.0,0.0,2.0,0.0,0.0,0.0,4.0,69.0
Tamil Nadu,9,Kanchipuram,2015.0,18.0,0.0,10.0,1.0,10.0,3.0,11.0,0.0,0.0,3.0,0.0,0.0,0.0,0.0,56.0
Tamil Nadu,10,Kanyakumari,2015.0,9.0,0.0,18.0,0.0,2.0,0.0,65.0,0.0,0.0,64.0,0.0,0.0,0.0,7.0,165.0
Tamil Nadu,11,Karur,2015.0,7.0,0.0,5.0,1.0,16.0,0.0,10.0,0.0,0.0,16.0,0.0,0.0,0.0,8.0,63.0
Tamil Nadu,12,Krishnagiri,2015.0,18.0,5.0,67.0,3.0,41.0,2.0,23.0,0.0,9.0,0.0,0.0,0.0,0.0,8.0,176.0
Tamil Nadu,13,Madurai,2015.0,25.0,0.0,118.0,2.0,73.0,3.0,310.0,0.0,0.0,61.0,2.0,0.0,0.0,7.0,601.0
Tamil Nadu,14,Madurai City,2015.0,13.0,0.0,17.0,0.0,26.0,1.0,78.0,0.0,0.0,0.0,0.0,0.0,0.0,17.0,152.0
Tamil Nadu,15,Nagapattinam,2015.0,11.0,0.0,30.0,0.0,31.0,1.0,29.0,0.0,0.0,0.0,0.0,0.0,0.0,8.0,110.0
Tamil Nadu,16,Namakkal,2015.0,5.0,1.0,34.0,1.0,32.0,0.0,9.0,0.0,0.0,1.0,0.0,0.0,0.0,2.0,85.0
Tamil Nadu,17,Nilgiris,2015.0,3.0,0.0,4.0,1.0,14.0,0.0,2.0,0.0,0.0,3.0,2.0,0.0,0.0,17.0,46.0
Tamil Nadu,18,Perambalur,2015.0,2.0,0.0,4.0,0.0,24.0,0.0,21.0,0.0,0.0,0.0,0.0,0.0,0.0,0.0,51.0
Tamil Nadu,19,Pudukottai,2015.0,1.0,0.0,16.0,1.0,20.0,0.0,27.0,0.0,0.0,0.0,0.0,0.0,1.0,0.0,66.0
Tamil Nadu,20,Ramnathapuram,2015.0,12.0,0.0,46.0,2.0,20.0,0.0,28.0,0.0,3.0,27.0,0.0,0.0,0.0,1.0,139.0
Tamil Nadu,21,Railway Chennai,2015.0,0.0,0.0,1.0,1.0,8.0,0.0,0.0,0.0,0.0,0.0,0.0,0.0,0.0,0.0,10.0
Tamil Nadu,22,Railway Trichy,2015.0,0.0,0.0,0.0,0.0,2.0,0.0,0.0,0.0,0.0,0.0,0.0,0.0,0.0,0.0,2.0
Tamil Nadu,23,Salem,2015.0,14.0,0.0,96.0,5.0,94.0,0.0,24.0,0.0,12.0,1.0,1.0,0.0,0.0,6.0,253.0
Tamil Nadu,24,Salem City,2015.0,3.0,0.0,12.0,4.0,17.0,0.0,26.0,0.0,0.0,0.0,0.0,0.0,0.0,0.0,62.0
Tamil Nadu,25,Sivagangai,2015.0,16.0,1.0,64.0,0.0,31.0,0.0,83.0,0.0,8.0,0.0,0.0,0.0,0.0,3.0,206.0
Tamil Nadu,26,Thanjavur,2015.0,8.0,0.0,19.0,3.0,56.0,0.0,29.0,0.0,0.0,1.0,0.0,0.0,0.0,12.0,128.0
Tamil Nadu,27,Theni,2015.0,5.0,0.0,38.0,1.0,20.0,0.0,76.0,0.0,3.0,0.0,0.0,0.0,0.0,3.0,146.0
Tamil Nadu,28,Thirunelveli,2015.0,26.0,5.0,37.0,6.0,53.0,0.0,128.0,0.0,12.0,19.0,0.0,0.0,0.0,3.0,289.0
Tamil Nadu,29,Thirunelveli City,2015.0,5.0,0.0,2.0,1.0,3.0,0.0,8.0,0.0,0.0,12.0,0.0,0.0,0.0,6.0,37.0
Tamil Nadu,30,Thiruvallur,2015.0,4.0,0.0,3.0,1.0,8.0,0.0,13.0,0.0,0.0,0.0,0.0,0.0,0.0,5.0,34.0
Tamil Nadu,31,Thiruvannamalai,2015.0,11.0,5.0,41.0,1.0,9.0,2.0,40.0,0.0,0.0,18.0,0.0,0.0,0.0,1.0,128.0
Tamil Nadu,32,Thiruvarur,2015.0,1.0,1.0,40.0,3.0,3.0,2.0,20.0,0.0,0.0,5.0,1.0,0.0,0.0,2.0,78.0
Tamil Nadu,33,Thoothukudi,2015.0,20.0,1.0,18.0,0.0,18.0,0.0,93.0,0.0,9.0,14.0,0.0,0.0,1.0,2.0,176.0
Tamil Nadu,34,Tiruppur,2015.0,4.0,0.0,21.0,1.0,12.0,0.0,33.0,0.0,8.0,0.0,0.0,0.0,0.0,5.0,84.0
Tamil Nadu,35,Tiruppur City,2015.0,1.0,0.0,4.0,0.0,3.0,0.0,16.0,0.0,0.0,1.0,0.0,0.0,0.0,13.0,38.0
Tamil Nadu,36,Trichy,2015.0,7.0,1.0,14.0,1.0,47.0,0.0,36.0,0.0,0.0,0.0,0.0,0.0,0.0,16.0,122.0
Tamil Nadu,37,Trichy City,2015.0,2.0,1.0,8.0,3.0,7.0,0.0,29.0,0.0,0.0,1.0,0.0,0.0,0.0,13.0,64.0
Tamil Nadu,38,Vellore,2015.0,17.0,0.0,39.0,1.0,40.0,0.0,47.0,0.0,0.0,23.0,0.0,0.0,0.0,12.0,179.0
Tamil Nadu,39,Villupuram,2015.0,38.0,0.0,144.0,2.0,101.0,0.0,73.0,0.0,5.0,2.0,0.0,0.0,0.0,8.0,373.0
Tamil Nadu,40,Virudhunagar,2015.0,19.0,1.0,20.0,3.0,31.0,2.0,46.0,0.0,0.0,52.0,0.0,0.0,0.0,17.0,191.0
Tamil Nadu,41,Cyber Cell,2015.0,0.0,0.0,0.0,0.0,0.0,0.0,0.0,0.0,0.0,0.0,0.0,0.0,0.0,0.0,0.0
Tamil Nadu,42,Other Units,2015.0,0.0,0.0,0.0,0.0,0.0,0.0,0.0,0.0,0.0,0.0,0.0,0.0,0.0,0.0,0.0
Telangana,1,Adilabad,2015.0,67.0,5.0,26.0,15.0,238.0,89.0,507.0,0.0,5.0,0.0,0.0,0.0,0.0,1.0,953.0
Telangana,2,Cyberabad,2015.0,154.0,5.0,57.0,57.0,583.0,380.0,1495.0,0.0,82.0,0.0,0.0,0.0,6.0,175.0,2994.0
Telangana,3,Hyderabad City,2015.0,113.0,2.0,132.0,25.0,346.0,116.0,1606.0,0.0,32.0,0.0,2.0,0.0,0.0,31.0,2405.0
Telangana,4,Karimnagar,2015.0,104.0,2.0,57.0,31.0,456.0,74.0,763.0,0.0,63.0,0.0,0.0,0.0,0.0,13.0,1563.0
Telangana,5,Khammam,2015.0,117.0,2.0,97.0,16.0,450.0,126.0,526.0,0.0,59.0,0.0,0.0,0.0,0.0,4.0,1397.0
Telangana,6,Mahaboob Nagar,2015.0,179.0,0.0,110.0,20.0,292.0,0.0,366.0,0.0,103.0,0.0,0.0,0.0,0.0,0.0,1070.0
Telangana,7,Medak,2015.0,97.0,7.0,44.0,38.0,288.0,46.0,448.0,0.0,47.0,0.0,0.0,0.0,0.0,4.0,1019.0
Telangana,8,Nalgonda,2015.0,123.0,11.0,40.0,21.0,444.0,209.0,611.0,0.0,59.0,0.0,0.0,0.0,0.0,15.0,1533.0
Telangana,9,Nizamabad,2015.0,33.0,4.0,12.0,10.0,123.0,108.0,449.0,0.0,37.0,0.0,0.0,0.0,0.0,3.0,779.0
Telangana,10,Ranga Reddy,2015.0,31.0,0.0,10.0,7.0,60.0,21.0,131.0,0.0,32.0,0.0,0.0,0.0,0.0,2.0,294.0
Telangana,11,Secunderabad Railway,2015.0,2.0,0.0,0.0,0.0,8.0,3.0,2.0,0.0,0.0,0.0,0.0,0.0,0.0,0.0,15.0
Telangana,12,Warangal Rural,2015.0,52.0,3.0,39.0,19.0,226.0,48.0,180.0,0.0,40.0,0.0,0.0,0.0,0.0,0.0,607.0
Telangana,13,Warangal City,2015.0,33.0,2.0,24.0,3.0,94.0,68.0,245.0,0.0,31.0,2.0,0.0,0.0,0.0,4.0,506.0
Tripura,1,Dhalai,2015.0,26.0,5.0,10.0,3.0,38.0,0.0,38.0,0.0,0.0,0.0,0.0,0.0,0.0,0.0,120.0
Tripura,2,Gomati,2015.0,32.0,2.0,12.0,6.0,21.0,0.0,102.0,0.0,0.0,0.0,0.0,0.0,0.0,0.0,175.0
Tripura,3,G. R. P.,2015.0,0.0,0.0,0.0,0.0,0.0,0.0,0.0,0.0,0.0,0.0,0.0,0.0,0.0,0.0,0.0
Tripura,4,Kowai,2015.0,18.0,1.0,12.0,3.0,37.0,0.0,27.0,0.0,0.0,0.0,0.0,0.0,0.0,0.0,98.0
Tripura,5,North,2015.0,20.0,10.0,17.0,4.0,49.0,0.0,58.0,0.0,0.0,0.0,0.0,0.0,0.0,0.0,158.0
Tripura,6,Sipahijala,2015.0,24.0,3.0,18.0,3.0,47.0,0.0,72.0,0.0,0.0,0.0,0.0,0.0,0.0,0.0,167.0
Tripura,7,South,2015.0,32.0,8.0,13.0,4.0,36.0,1.0,86.0,0.0,4.0,0.0,0.0,0.0,0.0,0.0,184.0
Tripura,8,Unakoti,2015.0,14.0,3.0,9.0,1.0,14.0,2.0,11.0,0.0,3.0,0.0,0.0,0.0,0.0,0.0,57.0
Tripura,9,West,2015.0,47.0,6.0,29.0,4.0,110.0,3.0,107.0,0.0,0.0,0.0,0.0,0.0,0.0,2.0,308.0
Uttar Pradesh,1,Agra,2015.0,69.0,9.0,353.0,79.0,280.0,0.0,380.0,0.0,9.0,0.0,0.0,0.0,0.0,5.0,1184.0
Uttar Pradesh,2,Aligarh,2015.0,76.0,20.0,292.0,53.0,183.0,0.0,317.0,0.0,13.0,0.0,0.0,0.0,0.0,0.0,954.0
Uttar Pradesh,3,Allahabad,2015.0,70.0,0.0,223.0,82.0,221.0,0.0,329.0,0.0,9.0,7.0,0.0,0.0,0.0,4.0,945.0
Uttar Pradesh,4,Ambedkar Nagar,2015.0,32.0,1.0,71.0,24.0,45.0,0.0,23.0,0.0,0.0,63.0,0.0,0.0,0.0,0.0,259.0
Uttar Pradesh,5,Amethi,2015.0,22.0,0.0,92.0,20.0,72.0,0.0,0.0,0.0,1.0,53.0,0.0,0.0,0.0,0.0,260.0
Uttar Pradesh,6,Amroha,2015.0,55.0,0.0,81.0,25.0,112.0,0.0,0.0,0.0,0.0,174.0,0.0,0.0,0.0,0.0,447.0
Uttar Pradesh,7,Auraiya,2015.0,19.0,0.0,106.0,33.0,87.0,0.0,225.0,0.0,6.0,6.0,0.0,0.0,0.0,0.0,482.0
Uttar Pradesh,8,Azamgarh,2015.0,41.0,9.0,128.0,34.0,76.0,0.0,0.0,0.0,1.0,152.0,0.0,0.0,0.0,1.0,442.0
Uttar Pradesh,9,Badaun,2015.0,73.0,7.0,200.0,35.0,159.0,0.0,91.0,0.0,7.0,13.0,0.0,0.0,0.0,0.0,585.0
Uttar Pradesh,10,Baghpat,2015.0,34.0,9.0,86.0,10.0,78.0,0.0,115.0,0.0,0.0,94.0,0.0,0.0,0.0,0.0,426.0
Uttar Pradesh,11,Bahraich,2015.0,40.0,0.0,128.0,47.0,71.0,0.0,0.0,0.0,0.0,203.0,0.0,0.0,0.0,0.0,489.0
Uttar Pradesh,12,Ballia,2015.0,28.0,1.0,109.0,15.0,65.0,0.0,0.0,0.0,0.0,74.0,0.0,0.0,0.0,0.0,292.0
Uttar Pradesh,13,Balrampur,2015.0,14.0,9.0,36.0,13.0,28.0,0.0,3.0,0.0,1.0,0.0,0.0,0.0,0.0,0.0,104.0
Uttar Pradesh,14,Banda,2015.0,34.0,0.0,64.0,30.0,126.0,0.0,49.0,0.0,3.0,5.0,0.0,0.0,0.0,0.0,311.0
Uttar Pradesh,15,Barabanki,2015.0,34.0,0.0,75.0,27.0,49.0,0.0,3.0,0.0,0.0,70.0,0.0,0.0,0.0,0.0,258.0
Uttar Pradesh,16,Bareilly,2015.0,67.0,0.0,335.0,46.0,257.0,0.0,294.0,0.0,0.0,18.0,0.0,0.0,0.0,2.0,1019.0
Uttar Pradesh,17,Basti,2015.0,25.0,0.0,70.0,16.0,31.0,0.0,0.0,0.0,0.0,41.0,0.0,0.0,0.0,0.0,183.0
Uttar Pradesh,18,Bijnor,2015.0,50.0,40.0,164.0,34.0,124.0,0.0,143.0,0.0,0.0,187.0,0.0,0.0,0.0,0.0,742.0
Uttar Pradesh,19,Bulandshahar,2015.0,93.0,14.0,247.0,55.0,211.0,0.0,2.0,0.0,0.0,294.0,0.0,0.0,0.0,1.0,917.0
Uttar Pradesh,20,Chandoli,2015.0,17.0,2.0,62.0,22.0,64.0,0.0,77.0,0.0,4.0,15.0,0.0,0.0,0.0,0.0,263.0
Uttar Pradesh,21,Chitrakoot,2015.0,19.0,0.0,55.0,17.0,56.0,0.0,18.0,0.0,6.0,0.0,0.0,0.0,0.0,1.0,172.0
Uttar Pradesh,22,Deoria,2015.0,51.0,4.0,124.0,22.0,46.0,0.0,44.0,0.0,3.0,14.0,0.0,0.0,0.0,0.0,308.0
Uttar Pradesh,23,Etah,2015.0,28.0,5.0,91.0,31.0,78.0,0.0,100.0,0.0,7.0,0.0,0.0,0.0,0.0,0.0,340.0
Uttar Pradesh,24,Etawah,2015.0,26.0,5.0,125.0,43.0,101.0,1.0,169.0,0.0,7.0,1.0,0.0,0.0,0.0,0.0,478.0
Uttar Pradesh,25,Faizabad,2015.0,29.0,1.0,100.0,20.0,59.0,0.0,3.0,0.0,0.0,97.0,0.0,0.0,3.0,0.0,312.0
Uttar Pradesh,26,Fatehgarh,2015.0,22.0,0.0,97.0,35.0,38.0,2.0,159.0,0.0,2.0,0.0,0.0,0.0,0.0,0.0,355.0
Uttar Pradesh,27,Fatehpur,2015.0,45.0,25.0,134.0,32.0,148.0,0.0,87.0,0.0,1.0,4.0,0.0,0.0,0.0,0.0,476.0
Uttar Pradesh,28,Firozabad,2015.0,42.0,14.0,234.0,68.0,148.0,0.0,164.0,0.0,8.0,0.0,0.0,0.0,0.0,0.0,678.0
Uttar Pradesh,29,G. R. P.,2015.0,6.0,0.0,22.0,2.0,89.0,0.0,0.0,0.0,2.0,1.0,0.0,0.0,0.0,0.0,122.0
Uttar Pradesh,30,Gautambudh Nagar,2015.0,44.0,5.0,150.0,18.0,160.0,0.0,0.0,0.0,0.0,145.0,0.0,0.0,0.0,0.0,522.0
Uttar Pradesh,31,Ghaziabad,2015.0,118.0,13.0,427.0,38.0,214.0,0.0,507.0,0.0,11.0,0.0,0.0,0.0,0.0,2.0,1330.0
Uttar Pradesh,32,Ghazipur,2015.0,40.0,2.0,148.0,30.0,112.0,0.0,108.0,0.0,7.0,0.0,0.0,0.0,0.0,0.0,447.0
Uttar Pradesh,33,Gonda,2015.0,23.0,2.0,87.0,41.0,50.0,0.0,4.0,0.0,0.0,21.0,0.0,0.0,0.0,1.0,229.0
Uttar Pradesh,34,Gorakhpur,2015.0,88.0,19.0,236.0,37.0,115.0,0.0,163.0,0.0,4.0,0.0,0.0,0.0,0.0,0.0,662.0
Uttar Pradesh,35,Hamirpur,2015.0,35.0,0.0,66.0,33.0,177.0,0.0,61.0,0.0,9.0,5.0,0.0,0.0,0.0,0.0,386.0
Uttar Pradesh,36,Hapur,2015.0,38.0,0.0,84.0,11.0,74.0,1.0,78.0,0.0,2.0,0.0,0.0,0.0,0.0,0.0,288.0
Uttar Pradesh,37,Hardoi,2015.0,38.0,23.0,151.0,41.0,90.0,0.0,108.0,0.0,0.0,37.0,0.0,0.0,0.0,0.0,488.0
Uttar Pradesh,38,Hathras,2015.0,36.0,0.0,87.0,20.0,110.0,0.0,71.0,0.0,4.0,0.0,0.0,0.0,0.0,0.0,328.0
Uttar Pradesh,39,Jalaun,2015.0,7.0,6.0,50.0,36.0,52.0,0.0,11.0,0.0,2.0,0.0,0.0,0.0,0.0,0.0,164.0
Uttar Pradesh,40,Jaunpur,2015.0,37.0,0.0,126.0,43.0,45.0,0.0,41.0,0.0,0.0,0.0,0.0,0.0,0.0,0.0,292.0
Uttar Pradesh,41,Jhansi,2015.0,39.0,3.0,140.0,34.0,142.0,3.0,186.0,0.0,4.0,0.0,0.0,0.0,0.0,1.0,552.0
Uttar Pradesh,42,Kannauj,2015.0,22.0,4.0,94.0,26.0,69.0,0.0,69.0,0.0,0.0,0.0,0.0,0.0,0.0,0.0,284.0
Uttar Pradesh,43,Kanpur Dehat,2015.0,16.0,5.0,133.0,37.0,122.0,0.0,150.0,0.0,3.0,6.0,0.0,0.0,0.0,0.0,472.0
Uttar Pradesh,44,Kanpur Nagar,2015.0,57.0,5.0,421.0,78.0,206.0,0.0,528.0,0.0,0.0,14.0,0.0,0.0,0.0,5.0,1314.0
Uttar Pradesh,45,Kasganj,2015.0,18.0,0.0,92.0,25.0,57.0,0.0,43.0,0.0,0.0,0.0,0.0,0.0,0.0,0.0,235.0
Uttar Pradesh,46,Kaushambi,2015.0,40.0,5.0,119.0,24.0,155.0,0.0,7.0,0.0,3.0,53.0,0.0,0.0,0.0,0.0,406.0
Uttar Pradesh,47,Khiri,2015.0,28.0,0.0,184.0,57.0,102.0,0.0,123.0,0.0,0.0,0.0,0.0,0.0,0.0,1.0,495.0
Uttar Pradesh,48,Kushi Nagar,2015.0,34.0,3.0,161.0,30.0,59.0,0.0,58.0,0.0,3.0,0.0,0.0,0.0,0.0,0.0,348.0
Uttar Pradesh,49,Lalitpur,2015.0,26.0,0.0,44.0,14.0,45.0,0.0,24.0,0.0,0.0,0.0,0.0,0.0,0.0,0.0,153.0
Uttar Pradesh,50,Lucknow,2015.0,103.0,2.0,347.0,54.0,353.0,0.0,899.0,0.0,0.0,1.0,0.0,0.0,0.0,3.0,1762.0
Uttar Pradesh,51,Maharajganj,2015.0,26.0,0.0,70.0,26.0,16.0,0.0,81.0,0.0,4.0,0.0,0.0,0.0,0.0,2.0,225.0
Uttar Pradesh,52,Mahoba,2015.0,20.0,0.0,57.0,17.0,107.0,2.0,27.0,0.0,14.0,0.0,0.0,0.0,0.0,0.0,244.0
Uttar Pradesh,53,Mainpuri,2015.0,27.0,1.0,106.0,41.0,75.0,0.0,0.0,0.0,6.0,77.0,0.0,0.0,0.0,0.0,333.0
Uttar Pradesh,54,Mathura,2015.0,31.0,0.0,158.0,36.0,115.0,0.0,251.0,0.0,6.0,0.0,0.0,0.0,0.0,0.0,597.0
Uttar Pradesh,55,Mau,2015.0,22.0,2.0,79.0,11.0,27.0,0.0,13.0,0.0,0.0,40.0,0.0,0.0,0.0,0.0,194.0
Uttar Pradesh,56,Meerut,2015.0,56.0,35.0,135.0,26.0,237.0,0.0,349.0,0.0,20.0,0.0,0.0,0.0,0.0,1.0,859.0
Uttar Pradesh,57,Mirzapur,2015.0,18.0,0.0,9.0,19.0,9.0,1.0,21.0,0.0,0.0,19.0,0.0,0.0,0.0,0.0,96.0
Uttar Pradesh,58,Moradabad,2015.0,109.0,4.0,200.0,22.0,189.0,1.0,321.0,0.0,0.0,0.0,0.0,0.0,0.0,0.0,846.0
Uttar Pradesh,59,Muzaffarnagar,2015.0,25.0,2.0,147.0,21.0,133.0,0.0,244.0,0.0,0.0,0.0,0.0,0.0,0.0,0.0,572.0
Uttar Pradesh,60,Pilibhit,2015.0,41.0,31.0,99.0,20.0,82.0,0.0,108.0,0.0,12.0,0.0,0.0,0.0,0.0,0.0,393.0
Uttar Pradesh,61,Pratapgarh,2015.0,59.0,3.0,164.0,22.0,127.0,0.0,167.0,0.0,4.0,0.0,0.0,0.0,0.0,0.0,546.0
Uttar Pradesh,62,Raibareilly,2015.0,34.0,0.0,90.0,21.0,77.0,0.0,30.0,0.0,5.0,51.0,0.0,0.0,0.0,0.0,308.0
Uttar Pradesh,63,Rampur,2015.0,44.0,0.0,108.0,10.0,58.0,0.0,210.0,0.0,0.0,0.0,0.0,0.0,1.0,0.0,431.0
Uttar Pradesh,64,Saharanpur,2015.0,68.0,10.0,168.0,27.0,145.0,0.0,221.0,0.0,0.0,0.0,0.0,0.0,0.0,2.0,641.0
Uttar Pradesh,65,Sambhal,2015.0,33.0,0.0,111.0,24.0,62.0,0.0,86.0,0.0,0.0,110.0,0.0,0.0,0.0,0.0,426.0
Uttar Pradesh,66,Sant Kabirnagar,2015.0,25.0,3.0,59.0,16.0,22.0,0.0,0.0,0.0,0.0,14.0,0.0,0.0,0.0,0.0,139.0
Uttar Pradesh,67,Shahjahanpur,2015.0,48.0,0.0,176.0,44.0,117.0,0.0,87.0,0.0,1.0,0.0,0.0,0.0,0.0,0.0,473.0
Uttar Pradesh,68,Shamli,2015.0,18.0,5.0,62.0,10.0,47.0,0.0,86.0,0.0,0.0,0.0,0.0,0.0,0.0,0.0,228.0
Uttar Pradesh,69,Shrawasti,2015.0,5.0,2.0,42.0,7.0,32.0,0.0,1.0,0.0,1.0,48.0,0.0,0.0,0.0,0.0,138.0
Uttar Pradesh,70,Sidharthnagar,2015.0,16.0,0.0,75.0,28.0,43.0,0.0,47.0,0.0,0.0,0.0,0.0,0.0,0.0,0.0,209.0
Uttar Pradesh,71,Sitapur,2015.0,63.0,0.0,192.0,62.0,139.0,0.0,133.0,0.0,18.0,0.0,0.0,0.0,0.0,0.0,607.0
Uttar Pradesh,72,Sonbhadra,2015.0,23.0,0.0,24.0,21.0,18.0,0.0,5.0,0.0,4.0,34.0,0.0,0.0,0.0,0.0,129.0
Uttar Pradesh,73,Bhadohi,2015.0,12.0,0.0,34.0,11.0,12.0,0.0,1.0,0.0,4.0,36.0,0.0,0.0,0.0,0.0,110.0
Uttar Pradesh,74,Sultanpur,2015.0,33.0,3.0,129.0,16.0,60.0,0.0,0.0,0.0,0.0,110.0,0.0,0.0,0.0,0.0,351.0
Uttar Pradesh,75,Unnao,2015.0,42.0,10.0,207.0,53.0,162.0,0.0,137.0,0.0,0.0,113.0,0.0,0.0,0.0,0.0,724.0
Uttar Pradesh,76,Varanasi,2015.0,79.0,39.0,183.0,27.0,163.0,0.0,0.0,0.0,10.0,246.0,0.0,0.0,0.0,1.0,748.0
Uttarakhand,1,Almora,2015.0,6.0,1.0,21.0,1.0,1.0,0.0,3.0,0.0,0.0,0.0,0.0,0.0,0.0,0.0,33.0
Uttarakhand,2,Bageshwar,2015.0,7.0,0.0,10.0,2.0,8.0,0.0,4.0,0.0,0.0,0.0,0.0,0.0,0.0,0.0,31.0
Uttarakhand,3,Chamoli,2015.0,4.0,0.0,21.0,0.0,5.0,0.0,5.0,0.0,0.0,0.0,0.0,0.0,0.0,0.0,35.0
Uttarakhand,4,Champawat,2015.0,4.0,0.0,4.0,0.0,3.0,0.0,2.0,1.0,0.0,0.0,0.0,0.0,0.0,0.0,14.0
Uttarakhand,5,Dehradun,2015.0,57.0,3.0,26.0,11.0,71.0,1.0,168.0,0.0,0.0,0.0,0.0,0.0,0.0,6.0,343.0
Uttarakhand,6,Haridwar,2015.0,75.0,5.0,76.0,13.0,88.0,2.0,64.0,0.0,0.0,3.0,0.0,0.0,0.0,6.0,332.0
Uttarakhand,7,Nainital,2015.0,32.0,1.0,28.0,4.0,48.0,0.0,23.0,0.0,0.0,0.0,0.0,0.0,0.0,2.0,138.0
Uttarakhand,8,Pauri Garhwal,2015.0,4.0,0.0,24.0,3.0,12.0,0.0,3.0,0.0,1.0,0.0,0.0,0.0,0.0,1.0,48.0
Uttarakhand,9,Pithoragarh,2015.0,0.0,0.0,7.0,1.0,3.0,0.0,7.0,0.0,0.0,0.0,0.0,0.0,0.0,3.0,21.0
Uttarakhand,10,Rudra Prayag,2015.0,2.0,0.0,0.0,2.0,1.0,1.0,2.0,0.0,0.0,0.0,0.0,0.0,0.0,0.0,8.0
Uttarakhand,11,Tehri Garhwal,2015.0,8.0,0.0,16.0,3.0,1.0,0.0,3.0,0.0,0.0,0.0,0.0,0.0,0.0,0.0,31.0
Uttarakhand,12,Udhamsingh Nagar,2015.0,72.0,0.0,94.0,14.0,72.0,0.0,120.0,1.0,0.0,9.0,0.0,0.0,0.0,0.0,382.0
Uttarakhand,13,Uttarkashi,2015.0,12.0,0.0,9.0,0.0,5.0,8.0,3.0,0.0,0.0,0.0,0.0,0.0,0.0,0.0,37.0
West Bengal,1,North 24 Parganas,2015.0,69.0,118.0,383.0,45.0,302.0,20.0,1748.0,0.0,0.0,1.0,0.0,0.0,0.0,4.0,2690.0
West Bengal,2,South 24 Parganas,2015.0,111.0,125.0,375.0,31.0,250.0,18.0,3160.0,0.0,2.0,0.0,0.0,0.0,0.0,1.0,4073.0
West Bengal,3,Alipurduar,2015.0,33.0,30.0,76.0,7.0,118.0,2.0,287.0,0.0,0.0,0.0,0.0,0.0,0.0,0.0,553.0
West Bengal,4,Asansol-Durgapur PC,2015.0,35.0,20.0,71.0,17.0,103.0,2.0,417.0,0.0,2.0,0.0,0.0,0.0,0.0,1.0,668.0
West Bengal,5,Bankura,2015.0,24.0,21.0,76.0,14.0,121.0,7.0,333.0,0.0,15.0,1.0,0.0,0.0,0.0,1.0,613.0
West Bengal,6,Barrackpur PC,2015.0,30.0,16.0,137.0,23.0,318.0,9.0,1201.0,0.0,1.0,0.0,0.0,0.0,0.0,3.0,1738.0
West Bengal,7,Bidhannagar PC,2015.0,12.0,8.0,18.0,6.0,150.0,11.0,308.0,0.0,9.0,0.0,0.0,0.0,0.0,10.0,532.0
West Bengal,8,Birbhum,2015.0,33.0,30.0,28.0,15.0,104.0,3.0,292.0,0.0,3.0,0.0,0.0,0.0,0.0,0.0,508.0
West Bengal,9,Burdwan,2015.0,55.0,75.0,172.0,21.0,247.0,0.0,707.0,0.0,5.0,0.0,0.0,0.0,0.0,19.0,1301.0
West Bengal,10,Coochbehar,2015.0,63.0,121.0,177.0,15.0,131.0,4.0,640.0,0.0,17.0,0.0,0.0,0.0,0.0,1.0,1169.0
West Bengal,11,Dakshin Dinajpur,2015.0,16.0,30.0,97.0,18.0,101.0,4.0,293.0,0.0,2.0,0.0,1.0,0.0,0.0,0.0,562.0
West Bengal,12,Darjeeling,2015.0,17.0,14.0,35.0,3.0,129.0,4.0,201.0,0.0,0.0,0.0,0.0,0.0,0.0,1.0,404.0
West Bengal,13,Hooghly,2015.0,36.0,36.0,169.0,36.0,209.0,1.0,1142.0,0.0,42.0,2.0,0.0,0.0,2.0,2.0,1677.0
West Bengal,14,Howrah G. R. P.,2015.0,3.0,0.0,4.0,0.0,14.0,0.0,1.0,0.0,0.0,0.0,0.0,0.0,0.0,0.0,22.0
West Bengal,15,Howrah PC,2015.0,13.0,6.0,49.0,4.0,234.0,33.0,514.0,0.0,0.0,0.0,0.0,0.0,0.0,0.0,853.0
West Bengal,16,Howrah Rural,2015.0,22.0,17.0,100.0,10.0,149.0,0.0,810.0,0.0,2.0,0.0,0.0,0.0,0.0,2.0,1112.0
West Bengal,17,Jalpaiguri,2015.0,53.0,36.0,176.0,18.0,124.0,5.0,329.0,0.0,21.0,0.0,0.0,0.0,0.0,2.0,764.0
West Bengal,18,Jhargram Police District,2015.0,8.0,0.0,26.0,7.0,63.0,0.0,97.0,0.0,1.0,0.0,0.0,0.0,0.0,0.0,202.0
West Bengal,19,Kharagpur G. R. P.,2015.0,1.0,0.0,0.0,1.0,8.0,0.0,2.0,0.0,0.0,0.0,0.0,0.0,0.0,0.0,12.0
West Bengal,20,Kolkata,2015.0,33.0,19.0,194.0,15.0,461.0,262.0,876.0,2.0,29.0,0.0,0.0,0.0,0.0,28.0,1919.0
West Bengal,21,Malda,2015.0,60.0,71.0,241.0,26.0,179.0,6.0,577.0,0.0,15.0,0.0,0.0,0.0,0.0,0.0,1175.0
West Bengal,22,Murshidabad,2015.0,210.0,345.0,298.0,41.0,255.0,18.0,1771.0,0.0,41.0,0.0,0.0,0.0,0.0,5.0,2984.0
West Bengal,23,Nadia,2015.0,69.0,163.0,395.0,57.0,80.0,2.0,1553.0,1.0,0.0,0.0,0.0,0.0,0.0,11.0,2331.0
West Bengal,24,Paschim Medinipur,2015.0,37.0,32.0,208.0,31.0,577.0,11.0,756.0,0.0,0.0,0.0,0.0,0.0,0.0,1.0,1653.0
West Bengal,25,Purab Medinipur,2015.0,50.0,85.0,116.0,21.0,99.0,5.0,965.0,0.0,12.0,0.0,0.0,0.0,0.0,2.0,1355.0
West Bengal,26,Purulia,2015.0,24.0,21.0,30.0,6.0,292.0,1.0,161.0,0.0,3.0,0.0,0.0,0.0,0.0,0.0,538.0
West Bengal,27,Sealdah G. R. P.,2015.0,0.0,0.0,8.0,0.0,26.0,7.0,3.0,0.0,0.0,0.0,0.0,0.0,0.0,0.0,44.0
West Bengal,28,Siliguri G. R. P.,2015.0,0.0,0.0,0.0,0.0,11.0,0.0,0.0,0.0,0.0,0.0,0.0,0.0,0.0,0.0,11.0
West Bengal,29,Siliguri PC,2015.0,32.0,26.0,207.0,6.0,157.0,15.0,505.0,0.0,0.0,0.0,0.0,0.0,0.0,6.0,954.0
West Bengal,30,Uttar Dinajpur,2015.0,50.0,86.0,72.0,4.0,57.0,5.0,514.0,1.0,11.0,0.0,0.0,0.0,0.0,1.0,801.0
A & N Islands,1,South Andaman,2015.0,20.0,0.0,11.0,0.0,29.0,4.0,12.0,0.0,1.0,0.0,0.0,0.0,2.0,0.0,79.0
A & N Islands,2,North & Middle Andaman,2015.0,15.0,0.0,10.0,0.0,25.0,1.0,2.0,0.0,0.0,0.0,0.0,0.0,0.0,0.0,53.0
A & N Islands,3,Nicobar,2015.0,1.0,0.0,0.0,0.0,3.0,0.0,0.0,0.0,0.0,0.0,0.0,0.0,0.0,0.0,4.0
Chandigarh,1,Chandigarh,2015.0,72.0,6.0,165.0,5.0,76.0,10.0,126.0,0.0,3.0,0.0,0.0,0.0,0.0,0.0,463.0
D&N Haveli,1,D&N Haveli,2015.0,8.0,0.0,9.0,1.0,5.0,0.0,2.0,0.0,0.0,0.0,0.0,0.0,0.0,0.0,25.0
Daman & Diu,1,Daman,2015.0,4.0,0.0,10.0,0.0,7.0,0.0,1.0,0.0,0.0,0.0,0.0,0.0,0.0,0.0,22.0
Daman & Diu,2,Diu,2015.0,1.0,0.0,3.0,0.0,0.0,0.0,2.0,0.0,0.0,0.0,0.0,0.0,0.0,0.0,6.0
Delhi UT,1,Central,2015.0,85.0,0.0,188.0,4.0,256.0,71.0,110.0,0.0,0.0,1.0,0.0,0.0,0.0,0.0,715.0
Delhi UT,2,Crime Branch,2015.0,2.0,0.0,1.0,0.0,0.0,0.0,0.0,0.0,0.0,0.0,0.0,0.0,0.0,0.0,3.0
Delhi UT,3,East,2015.0,239.0,4.0,448.0,6.0,588.0,214.0,414.0,0.0,8.0,4.0,0.0,0.0,0.0,1.0,1926.0
Delhi UT,4,EOW,2015.0,0.0,0.0,0.0,0.0,6.0,0.0,0.0,0.0,0.0,0.0,0.0,0.0,0.0,0.0,6.0
Delhi UT,5,IGI Airport,2015.0,1.0,0.0,2.0,0.0,11.0,6.0,0.0,0.0,0.0,0.0,0.0,0.0,0.0,0.0,20.0
Delhi UT,6,Metro,2015.0,4.0,1.0,1.0,0.0,15.0,2.0,1.0,0.0,0.0,0.0,0.0,0.0,0.0,0.0,24.0
Delhi UT,7,New Delhi,2015.0,22.0,0.0,26.0,0.0,48.0,12.0,6.0,0.0,0.0,0.0,0.0,0.0,0.0,0.0,114.0
Delhi UT,8,North,2015.0,48.0,3.0,160.0,2.0,173.0,14.0,114.0,0.0,0.0,2.0,0.0,0.0,1.0,0.0,517.0
Delhi UT,9,North-East,2015.0,244.0,6.0,533.0,13.0,486.0,40.0,469.0,0.0,4.0,0.0,0.0,0.0,0.0,1.0,1796.0
Delhi UT,10,North-West,2015.0,172.0,1.0,373.0,14.0,400.0,80.0,285.0,0.0,2.0,2.0,0.0,0.0,0.0,0.0,1329.0
Delhi UT,11,Outer,2015.0,315.0,3.0,652.0,28.0,536.0,180.0,563.0,0.0,7.0,0.0,0.0,0.0,0.0,0.0,2284.0
Delhi UT,12,RAILWAY,2015.0,15.0,1.0,9.0,0.0,13.0,3.0,0.0,0.0,0.0,0.0,0.0,0.0,0.0,0.0,41.0
Delhi UT,13,South,2015.0,323.0,5.0,495.0,10.0,1183.0,520.0,172.0,0.0,1.0,0.0,0.0,0.0,2.0,1.0,2712.0
Delhi UT,14,South-East,2015.0,240.0,5.0,475.0,14.0,559.0,141.0,300.0,0.0,1.0,6.0,0.0,0.0,0.0,0.0,1741.0
Delhi UT,15,South-West,2015.0,217.0,8.0,413.0,13.0,606.0,107.0,397.0,0.0,3.0,2.0,0.0,0.0,0.0,0.0,1766.0
Delhi UT,16,Spl Cell,2015.0,0.0,0.0,0.0,0.0,1.0,0.0,0.0,0.0,0.0,0.0,0.0,0.0,0.0,0.0,1.0
Delhi UT,17,SPUWAC,2015.0,0.0,0.0,0.0,0.0,0.0,0.0,157.0,0.0,0.0,0.0,0.0,0.0,0.0,0.0,157.0
Delhi UT,18,Vigilance,2015.0,0.0,0.0,0.0,0.0,0.0,0.0,0.0,0.0,0.0,0.0,0.0,0.0,0.0,0.0,0.0
Delhi UT,19,West,2015.0,272.0,9.0,525.0,18.0,486.0,102.0,533.0,0.0,3.0,3.0,0.0,0.0,1.0,0.0,1952.0
Lakshadweep,1,Lakshadweep,2015.0,0.0,0.0,0.0,0.0,6.0,1.0,2.0,0.0,0.0,0.0,0.0,0.0,0.0,0.0,9.0
Puducherry,1,Karaikal,2015.0,0.0,0.0,1.0,0.0,8.0,3.0,0.0,0.0,0.0,0.0,0.0,0.0,0.0,0.0,12.0
Puducherry,2,Puducherry,2015.0,3.0,1.0,13.0,1.0,25.0,7.0,4.0,0.0,0.0,12.0,1.0,0.0,0.0,1.0,68.0
