STATE/UT,DISTRICT,YEAR,NEXT_YEAR,NEXT_YEAR_WOMEN_CRIME_SHARE,PREDICTED_NEXT_YEAR_WOMEN_CRIME_SHARE,CLIPPED_PREDICTION,CLIPPED_ABSOLUTE_ERROR
ANDHRA PRADESH,ADILABAD,2011,2012,0.1610926282612502,0.15522878842803,0.15522878842803,0.005863839833220197
ANDHRA PRADESH,ANANTAPUR,2011,2012,0.0815876515986769,0.1053581223303579,0.1053581223303579,0.02377047073168101
ANDHRA PRADESH,CHITTOOR,2011,2012,0.1824899238692342,0.1474753885354186,0.1474753885354186,0.0350145353338156
ANDHRA PRADESH,CUDDAPAH,2011,2012,0.0800196367206676,0.0970676477431758,0.0970676477431758,0.017048011022508205
ANDHRA PRADESH,CYBERABAD,2011,2012,0.0956062291434927,0.1533517967671878,0.1533517967671878,0.05774556762369509
ANDHRA PRADESH,EAST GODAVARI,2011,2012,0.1563489778289663,0.1672558884424001,0.1672558884424001,0.010906910613433796
ANDHRA PRADESH,GUNTAKAL RLY.,2011,2012,0.0205882352941176,0.0216761509464892,0.0216761509464892,0.0010879156523715995
ANDHRA PRADESH,GUNTUR,2011,2012,0.1489419424850786,0.1515662342104518,0.1515662342104518,0.002624291725373179
ANDHRA PRADESH,GUNTUR URBAN,2011,2012,0.1981655290102389,0.1535127030385019,0.1535127030385019,0.044652825971737004
ANDHRA PRADESH,HYDERABAD CITY,2011,2012,0.1131745138498093,0.1108769861514081,0.1108769861514081,0.0022975276984011916
ANDHRA PRADESH,KARIMNAGAR,2011,2012,0.160364768683274,0.177889899924327,0.177889899924327,0.017525131241052982
ANDHRA PRADESH,KHAMMAM,2011,2012,0.132406487917908,0.1739786744719304,0.1739786744719304,0.04157218655402242
ANDHRA PRADESH,KRISHNA,2011,2012,0.2206045479755962,0.1697604972017126,0.1697604972017126,0.0508440507738836
ANDHRA PRADESH,KURNOOL,2011,2012,0.0997308612440191,0.1724476309061832,0.1724476309061832,0.0727167696621641
ANDHRA PRADESH,MAHABOOBNAGAR,2011,2012,0.0866481652790625,0.1107840053519463,0.1107840053519463,0.024135840072883802
ANDHRA PRADESH,MEDAK,2011,2012,0.1222203920276725,0.119138071832848,0.119138071832848,0.0030823201948245033
ANDHRA PRADESH,NALGONDA,2011,2012,0.1088975937325126,0.1220360210101086,0.1220360210101086,0.01313842727759601
ANDHRA PRADESH,NELLORE,2011,2012,0.1282275711159737,0.100542610116613,0.100542610116613,0.027684960999360686
ANDHRA PRADESH,NIZAMABAD,2011,2012,0.1605628720909254,0.1615658581512524,0.1615658581512524,0.0010029860603270047
ANDHRA PRADESH,PRAKASHAM,2011,2012,0.0988615937687237,0.1480181566400941,0.1480181566400941,0.04915656287137041
ANDHRA PRADESH,RAJAHMUNDRY,2011,2012,0.1373471307619943,0.1578002234009944,0.1578002234009944,0.02045309263900008
ANDHRA PRADESH,RANGA REDDY,2011,2012,0.1460620525059666,0.1225646679370563,0.1225646679370563,0.023497384568910304
ANDHRA PRADESH,SECUNDERABAD RLY.,2011,2012,0.0130861504907306,0.0253138129810096,0.0253138129810096,0.012227662490279002
ANDHRA PRADESH,SRIKAKULAM,2011,2012,0.1458496988740508,0.1477062067720584,0.1477062067720584,0.0018565078980075922
ANDHRA PRADESH,TIRUPATHI URBAN,2011,2012,0.0655172413793103,0.086460662338062,0.086460662338062,0.020943420958751707
ANDHRA PRADESH,VIJAYAWADA CITY,2011,2012,0.2479510862495121,0.1170048293903605,0.1170048293903605,0.1309462568591516
ANDHRA PRADESH,VIJAYAWADA RLY.,2011,2012,0.0204638472032742,0.0104437639659983,0.0104437639659983,0.0100200832372759
ANDHRA PRADESH,VISAKHA RURAL,2011,2012,0.1020482809070958,0.1606141830764764,0.1606141830764764,0.058565902169380596
ANDHRA PRADESH,VISAKHAPATNAM,2011,2012,0.1154095526258915,0.1497750392282527,0.1497750392282527,0.03436548660236119
ANDHRA PRADESH,VIZIANAGARAM,2011,2012,0.1405308944902966,0.1293392456241997,0.1293392456241997,0.011191648866096887
ANDHRA PRADESH,WARANGAL,2011,2012,0.0834215540969722,0.0809342949966584,0.0809342949966584,0.0024872591003138045
ANDHRA PRADESH,WARANGAL URBAN,2011,2012,0.1372767857142857,0.09727574082989,0.09727574082989,0.040001044884395695
ANDHRA PRADESH,WEST GODAVARI,2011,2012,0.1935688866293848,0.2146579990807092,0.2146579990807092,0.021089112451324415
ARUNACHAL PRADESH,ANJAW,2011,2012,0.0625,-0.0150112525894547,0.0,0.0625
ARUNACHAL PRADESH,CHANGLANG,2011,2012,0.125,0.0575437875966119,0.0575437875966119,0.0674562124033881
ARUNACHAL PRADESH,DIBANG VALLEY,2011,2012,0.1265822784810126,0.0936843711525375,0.0936843711525375,0.03289790732847511
ARUNACHAL PRADESH,K/KUMEY,2011,2012,0.1333333333333333,0.2268064181881519,0.2268064181881519,0.09347308485481859
ARUNACHAL PRADESH,KAMENG EAST,2011,2012,0.0638297872340425,0.0431367932583282,0.0431367932583282,0.020692993975714308
ARUNACHAL PRADESH,KAMENG WEST,2011,2012,0.0530973451327433,0.0100538280375421,0.0100538280375421,0.0430435170952012
ARUNACHAL PRADESH,LOHIT,2011,2012,0.1233480176211453,0.1263429326949101,0.1263429326949101,0.0029949150737647867
ARUNACHAL PRADESH,PAPUM PARE,2011,2012,0.0790513833992094,0.0784593030769948,0.0784593030769948,0.0005920803222146109
ARUNACHAL PRADESH,RURAL,2011,2012,0.1809523809523809,0.125016644585499,0.125016644585499,0.0559357363668819
ARUNACHAL PRADESH,SIANG EAST,2011,2012,0.0701754385964912,0.0745098703151987,0.0745098703151987,0.00433443171870751
ARUNACHAL PRADESH,SIANG UPPER,2011,2012,0.1346153846153846,0.0640134711849942,0.0640134711849942,0.0706019134303904
ARUNACHAL PRADESH,SIANG WEST,2011,2012,0.0867579908675799,0.0591470238731343,0.0591470238731343,0.027610966994445603
ARUNACHAL PRADESH,SUBANSIRI LOWER,2011,2012,0.0802919708029197,0.0883532550438554,0.0883532550438554,0.008061284240935704
ARUNACHAL PRADESH,SUBANSIRI UPPER,2011,2012,0.1124260355029585,0.0854727794344515,0.0854727794344515,0.026953256068507
ARUNACHAL PRADESH,TAWANG,2011,2012,0.0212765957446808,0.0457196605903013,0.0457196605903013,0.024443064845620505
ARUNACHAL PRADESH,TIRAP,2011,2012,0.0478723404255319,0.1083375209485997,0.1083375209485997,0.060465180523067805
ARUNACHAL PRADESH,UPPER DIBANG VALLEY,2011,2012,0.0769230769230769,0.0498188094110877,0.0498188094110877,0.027104267511989202
ASSAM,BARPETA,2011,2012,0.2167890870933893,0.1915722955874647,0.1915722955874647,0.025216791505924596
ASSAM,BONGAIGAON,2011,2012,0.2264833574529667,0.1650947322710761,0.1650947322710761,0.06138862518189059
ASSAM,C.I.D.,2011,2012,0.0909090909090909,0.0160668306311449,0.0160668306311449,0.074842260277946
ASSAM,CACHAR,2011,2012,0.1824425842455462,0.1426855269859771,0.1426855269859771,0.0397570572595691
ASSAM,CHIRANG,2011,2012,0.2127955493741307,0.1616000450343959,0.1616000450343959,0.0511955043397348
ASSAM,DARRANG,2011,2012,0.3531441717791411,0.2148116686503976,0.2148116686503976,0.13833250312874348
ASSAM,DHEMAJI,2011,2012,0.2364620938628159,0.2326812343079288,0.2326812343079288,0.0037808595548870783
ASSAM,DHUBRI,2011,2012,0.309667673716012,0.3502443234005066,0.3502443234005066,0.04057664968449459
ASSAM,DIBRUGARH,2011,2012,0.2128085390260173,0.1185617270127709,0.1185617270127709,0.09424681201324639
ASSAM,G.R.P.,2011,2012,0.044921875,0.0297043042132958,0.0297043042132958,0.015217570786704201
ASSAM,GOALPARA,2011,2012,0.2367549668874172,0.1656526614898884,0.1656526614898884,0.07110230539752882
ASSAM,GOLAGHAT,2011,2012,0.2404274265360641,0.2337065332470734,0.2337065332470734,0.006720893288990698
ASSAM,GUWAHATI CITY,2011,2012,0.0864734852823273,0.0640982486257948,0.0640982486257948,0.0223752366565325
ASSAM,HAILAKANDI,2011,2012,0.2532123960695389,0.2444797013003302,0.2444797013003302,0.008732694769208682
ASSAM,JORHAT,2011,2012,0.17451205510907,0.1697953751420435,0.1697953751420435,0.004716679967026516
ASSAM,KAMRUP,2011,2012,0.0840135377264583,0.1537826219743159,0.1537826219743159,0.06976908424785759
ASSAM,KARBI ANGLONG,2011,2012,0.1454545454545454,0.1337497127890012,0.1337497127890012,0.011704832665544201
ASSAM,KARIMGANJ,2011,2012,0.1781999095431931,0.1459117509536117,0.1459117509536117,0.032288158589581395
ASSAM,KOKRAJHAR,2011,2012,0.0366873065015479,0.2493058949051083,0.2493058949051083,0.2126185884035604
ASSAM,LAKHIMPUR,2011,2012,0.1188420518029456,0.2301562473498124,0.2301562473498124,0.1113141955468668
ASSAM,MORIGAON,2011,2012,0.2,0.2596377179057279,0.2596377179057279,0.059637717905727916
ASSAM,N.C.HILLS,2011,2012,0.112,0.0969897104695146,0.0969897104695146,0.015010289530485402
ASSAM,NAGAON,2011,2012,0.2770439725798361,0.2307329353822245,0.2307329353822245,0.04631103719761159
ASSAM,NALBARI,2011,2012,0.195338512763596,0.1966750874931324,0.1966750874931324,0.0013365747295363828
ASSAM,R.P.O.,2011,2012,0.0792079207920792,0.2329596687038392,0.2329596687038392,0.15375174791176
ASSAM,SIBSAGAR,2011,2012,0.2433941198362486,0.1555318800491194,0.1555318800491194,0.0878622397871292
ASSAM,SONITPUR,2011,2012,0.1286109017834714,0.1887239221778465,0.1887239221778465,0.060113020394375105
ASSAM,TINSUKIA,2011,2012,0.1591355599214145,0.126936309631415,0.126936309631415,0.03219925028999951
ASSAM,UDALGURI,2011,2012,0.2156862745098039,0.1621329049536097,0.1621329049536097,0.05355336955619419
BIHAR,ARARIA,2011,2012,0.0961614562722596,0.0870335227533356,0.0870335227533356,0.009127933518923992
BIHAR,ARWAL,2011,2012,0.0768335273573923,0.1053472384626171,0.1053472384626171,0.028513711105224798
BIHAR,AURANGABAD,2011,2012,0.0707317073170731,0.1013642719771733,0.1013642719771733,0.03063256466010021
BIHAR,BAGAHA,2011,2012,0.076878612716763,0.0880388284802415,0.0880388284802415,0.011160215763478504
BIHAR,BANKA,2011,2012,0.0682574916759156,0.1249722257214673,0.1249722257214673,0.05671473404555169
BIHAR,BEGUSARAI,2011,2012,0.0699300699300699,0.1018833136175212,0.1018833136175212,0.03195324368745131
BIHAR,BETTIAH,2011,2012,0.0490737091052424,0.0659128314058291,0.0659128314058291,0.0168391223005867
BIHAR,BHABHUA,2011,2012,0.0631691648822269,0.1008874108555151,0.1008874108555151,0.0377182459732882
BIHAR,BHAGALPUR,2011,2012,0.098883572567783,0.0960237725373593,0.0960237725373593,0.002859800030423701
BIHAR,BHOJPUR,2011,2012,0.046009877826878,0.095373743262575,0.095373743262575,0.049363865435697
BIHAR,BUXAR,2011,2012,0.098558628749513,0.1255965204935465,0.1255965204935465,0.027037891744033496
BIHAR,DARBHANGA,2011,2012,0.1049881235154394,0.0964475789524752,0.0964475789524752,0.0085405445629642
BIHAR,GAYA,2011,2012,0.0549071181982574,0.098766941699559,0.098766941699559,0.043859823501301604
BIHAR,GOPALGANJ,2011,2012,0.0979797979797979,0.0918290976744234,0.0918290976744234,0.0061507003053744985
BIHAR,JAMALPUR RLY.,2011,2012,0.0113207547169811,0.0238367603125384,0.0238367603125384,0.0125160055955573
BIHAR,JAMUI,2011,2012,0.0958357102110667,0.1166694855901075,0.1166694855901075,0.020833775379040798
BIHAR,JEHANABAD,2011,2012,0.0800552104899931,0.0726729293661172,0.0726729293661172,0.0073822811238759
BIHAR,KATIHAR,2011,2012,0.085195187822244,0.0876518618983153,0.0876518618983153,0.002456674076071294
BIHAR,KATIHAR RLY.,2011,2012,0.0314465408805031,0.0559947601867021,0.0559947601867021,0.024548219306199
BIHAR,KHAGARIA,2011,2012,0.0549158547387068,0.0827646988720653,0.0827646988720653,0.02784884413335851
BIHAR,KISHANGANJ,2011,2012,0.1217452498240675,0.1472015780136366,0.1472015780136366,0.025456328189569097
BIHAR,LAKHISARAI,2011,2012,0.0968523002421307,0.1179681493379879,0.1179681493379879,0.02111584909585719
BIHAR,MADHEPURA,2011,2012,0.0745422842197035,0.0846748670405627,0.0846748670405627,0.010132582820859201
BIHAR,MADHUBANI,2011,2012,0.0908346972176759,0.065655007670764,0.065655007670764,0.025179689546911896
BIHAR,MOTIHARI,2011,2012,0.0630584631095226,0.0527973669735046,0.0527973669735046,0.010261096136017993
BIHAR,MUNGER,2011,2012,0.0672131147540983,0.119110805926906,0.119110805926906,0.051897691172807695
BIHAR,MUZAFFARPUR,2011,2012,0.065553578760093,0.0587354810237973,0.0587354810237973,0.006818097736295707
BIHAR,MUZAFFARPUR RLY.,2011,2012,0.0054151624548736,0.0334307008858851,0.0334307008858851,0.028015538431011504
BIHAR,NALANDA,2011,2012,0.0654785742891469,0.091788502639378,0.091788502639378,0.026309928350231104
BIHAR,NAUGACHIA,2011,2012,0.0648829431438127,0.0912998605153504,0.0912998605153504,0.0264169173715377
BIHAR,NAWADAH,2011,2012,0.0545787545787545,0.0962463336826972,0.0962463336826972,0.04166757910394269
BIHAR,PATNA,2011,2012,0.0655679223744292,0.0482519075406674,0.0482519075406674,0.017316014833761793
BIHAR,PATNA RLY.,2011,2012,0.0284664830119375,0.029530961192464,0.029530961192464,0.0010644781805265006
BIHAR,PURNEA,2011,2012,0.0533636823469903,0.0742482784943615,0.0742482784943615,0.020884596147371197
BIHAR,ROHTAS,2011,2012,0.0837424986361156,0.0777977381368469,0.0777977381368469,0.005944760499268703
BIHAR,SAHARSA,2011,2012,0.0796862097440132,0.1083398219648773,0.1083398219648773,0.0286536122208641
BIHAR,SAMASTIPUR,2011,2012,0.0628891656288916,0.0672994002974708,0.0672994002974708,0.004410234668579191
BIHAR,SARAN,2011,2012,0.0785918173168411,0.0893653968835317,0.0893653968835317,0.010773579566690603
BIHAR,SHEIKHPURA,2011,2012,0.0789915966386554,0.0888946147792929,0.0888946147792929,0.009903018140637501
BIHAR,SHEOHAR,2011,2012,0.0910596026490066,0.1278116725965443,0.1278116725965443,0.0367520699475377
BIHAR,SITAMARHI,2011,2012,0.0795882500627667,0.0457489080644691,0.0457489080644691,0.03383934199829759
BIHAR,SIWAN,2011,2012,0.0867579908675799,0.1135567087919524,0.1135567087919524,0.026798717924372495
BIHAR,SUPAUL,2011,2012,0.0883136657784545,0.0965412766541785,0.0965412766541785,0.008227610875724004
BIHAR,VAISHALI,2011,2012,0.0967804125698862,0.1010408743742074,0.1010408743742074,0.0042604618043212
CHANDIGARH,CHANDIGARH,2011,2012,0.0726365400609925,0.0280202956754657,0.0280202956754657,0.044616244385526804
CHHATTISGARH,BALRAMPUR,2011,2012,0.1608832807570978,0.1041736743834151,0.1041736743834151,0.05670960637368269
CHHATTISGARH,BILASPUR,2011,2012,0.0797465588813633,0.1144281435860066,0.1144281435860066,0.0346815847046433
CHHATTISGARH,BIZAPUR,2011,2012,0.0445205479452054,0.0521933787220059,0.0521933787220059,0.0076728307768004975
CHHATTISGARH,DANTEWARA,2011,2012,0.0470914127423822,0.0818404701756025,0.0818404701756025,0.03474905743322031
CHHATTISGARH,DHAMTARI,2011,2012,0.0749128919860627,0.0949681543691593,0.0949681543691593,0.0200552623830966
CHHATTISGARH,DURG,2011,2012,0.0627676659528908,0.0829238043268759,0.0829238043268759,0.02015613837398511
CHHATTISGARH,GARIYABAND,2011,2012,0.078125,0.0850048433536258,0.0850048433536258,0.006879843353625806
CHHATTISGARH,GRP RAIPUR,2011,2012,0.0551724137931034,0.052269457865701,0.052269457865701,0.0029029559274023967
CHHATTISGARH,JAGDALPUR,2011,2012,0.0515463917525773,0.0890941420826896,0.0890941420826896,0.0375477503301123
CHHATTISGARH,JANJGIR,2011,2012,0.0927615571776155,0.1046192273641222,0.1046192273641222,0.0118576701865067
CHHATTISGARH,JASHPUR,2011,2012,0.1631663974151858,0.1611567565551636,0.1611567565551636,0.0020096408600221993
CHHATTISGARH,KABIRDHAM,2011,2012,0.0849673202614379,0.0721029919665914,0.0721029919665914,0.012864328294846503
CHHATTISGARH,KANKER,2011,2012,0.0714285714285714,0.0939375157398014,0.0939375157398014,0.022508944311230003
CHHATTISGARH,KORBA,2011,2012,0.0770964833183047,0.0647137725738046,0.0647137725738046,0.012382710744500092
CHHATTISGARH,KORIYA,2011,2012,0.1346396965865992,0.1283881766462975,0.1283881766462975,0.006251519940301681
CHHATTISGARH,MAHASAMUND,2011,2012,0.0801508722300801,0.0863889996864238,0.0863889996864238,0.006238127456343695
CHHATTISGARH,NARAYANPUR,2011,2012,0.0909090909090909,0.0823614454090246,0.0823614454090246,0.0085476455000663
CHHATTISGARH,RAIGARH,2011,2012,0.0766208251473477,0.0958543469553301,0.0958543469553301,0.019233521807982407
CHHATTISGARH,RAIPUR,2011,2012,0.0523786641037962,0.0601354241541502,0.0601354241541502,0.007756760050354
CHHATTISGARH,RAJNANDGAON,2011,2012,0.0391963109354413,0.0535874832880107,0.0535874832880107,0.014391172352569398
CHHATTISGARH,SARGUJA,2011,2012,0.1181870338496844,0.1059595917142927,0.1059595917142927,0.012227442135391703
CHHATTISGARH,SURAJPUR,2011,2012,0.1545636242504996,0.1097624404183574,0.1097624404183574,0.04480118383214221
D & N HAVELI,D and N HAVELI,2011,2012,0.0564263322884012,0.0869658440336685,0.0869658440336685,0.030539511745267298
DAMAN & DIU,DAMAN,2011,2012,0.0394088669950738,0.061665074138725,0.061665074138725,0.022256207143651195
DAMAN & DIU,DIU,2011,2012,0.0789473684210526,0.0245727661656765,0.0245727661656765,0.0543746022553761
DELHI UT,CAW,2011,2012,0.994413407821229,1.0210047356995335,1.0,0.005586592178770999
DELHI UT,CENTRAL,2011,2012,0.1112979152656355,0.1264387649829595,0.1264387649829595,0.015140849717324004
DELHI UT,CRIME BRANCH,2011,2012,0.0439560439560439,-0.0207112580214152,0.0,0.0439560439560439
DELHI UT,EAST,2011,2012,0.1244612068965517,0.1726658961277916,0.1726658961277916,0.0482046892312399
DELHI UT,EOW,2011,2012,0.0,-0.0421784127180663,0.0,0.0
DELHI UT,GRP(RLY),2011,2012,0.0596658711217183,0.0297618783345434,0.0297618783345434,0.0299039927871749
DELHI UT,IGI AIRPORT,2011,2012,0.0182767624020887,0.0001014776809402,0.0001014776809402,0.018175284721148502
DELHI UT,NEW DELHI,2011,2012,0.0689981096408317,0.0288443036996392,0.0288443036996392,0.0401538059411925
DELHI UT,NORTH,2011,2012,0.1044057756386523,0.1279158472909598,0.1279158472909598,0.023510071652307507
DELHI UT,NORTH-EAST,2011,2012,0.1666666666666666,0.2711838183961651,0.2711838183961651,0.10451715172949852
DELHI UT,NORTH-WEST,2011,2012,0.149240589918556,0.1853968188561391,0.1853968188561391,0.03615622893758311
DELHI UT,OUTER,2011,2012,0.156816390858944,0.2111360493545479,0.2111360493545479,0.05431965849560391
DELHI UT,SOUTH,2011,2012,0.0980975029726516,0.0964148844532626,0.0964148844532626,0.0016826185193890009
DELHI UT,SOUTH-EAST,2011,2012,0.1407470529754296,0.1982632314366354,0.1982632314366354,0.0575161784612058
DELHI UT,SOUTH-WEST,2011,2012,0.1960352422907489,0.1853139571085679,0.1853139571085679,0.01072128518218099
DELHI UT,STF,2011,2012,0.0,-0.110265102812378,0.0,0.0
DELHI UT,WEST,2011,2012,0.1685554955927325,0.2331840230888995,0.2331840230888995,0.06462852749616699
GOA,NORTH GOA,2011,2012,0.0451735615786971,0.041173212601932,0.041173212601932,0.0040003489767651
GOA,SOUTH GOA,2011,2012,0.0484406104844061,0.0482142162129896,0.0482142162129896,0.0002263942714164982
GUJARAT,AHMEDABAD COMMR.,2011,2012,0.0860502154768596,0.1315898487158694,0.1315898487158694,0.045539633239009794
GUJARAT,AHMEDABAD RURAL,2011,2012,0.0729450190528034,0.0806589566470586,0.0806589566470586,0.007713937594255205
GUJARAT,AHWA-DANG,2011,2012,0.0571428571428571,0.0196289009574147,0.0196289009574147,0.0375139561854424
GUJARAT,AMRELI,2011,2012,0.1142484795829713,0.1396885936539837,0.1396885936539837,0.025440114071012404
GUJARAT,ANAND,2011,2012,0.0922459893048128,0.0912750995413517,0.0912750995413517,0.0009708897634611025
GUJARAT,BHARUCH,2011,2012,0.0215672178289,0.0154669066432722,0.0154669066432722,0.0061003111856278
GUJARAT,BHAVNAGAR,2011,2012,0.0939213893967093,0.0877359657036664,0.0877359657036664,0.006185423693042896
GUJARAT,CID CRIME,2011,2012,0.0625,-0.0427323889824843,0.0,0.0625
GUJARAT,DAHOD,2011,2012,0.0629453681710213,0.0318385513527457,0.0318385513527457,0.031106816818275596
GUJARAT,GANDHINAGAR,2011,2012,0.0335323840146991,0.0345856971252541,0.0345856971252541,0.0010533131105549959
GUJARAT,HIMATNAGAR,2011,2012,0.053337492202121,0.0751129284913277,0.0751129284913277,0.021775436289206695
GUJARAT,JAMNAGAR,2011,2012,0.1085271317829457,0.0765980846234248,0.0765980846234248,0.0319290471595209
GUJARAT,JUNAGADH,2011,2012,0.13585291113381,0.1161829139378735,0.1161829139378735,0.01966999719593651
GUJARAT,KHEDA NORTH,2011,2012,0.0516395052032201,0.0339158481631512,0.0339158481631512,0.017723657040068903
GUJARAT,KUTCH (EAST(G)),2011,2012,0.0801715605410755,0.0721917110519391,0.0721917110519391,0.007979849489136409
GUJARAT,KUTCH (WEST-BHUJ),2011,2012,0.0946319867183176,0.0827953073512155,0.0827953073512155,0.011836679367102101
GUJARAT,MEHSANA,2011,2012,0.0640642510272693,0.0879169616492335,0.0879169616492335,0.0238527106219642
GUJARAT,NARMADA,2011,2012,0.0429629629629629,-0.0073648328487635,0.0,0.0429629629629629
GUJARAT,NAVSARI,2011,2012,0.0887880751782242,0.0364230623942697,0.0364230623942697,0.052365012783954494
GUJARAT,PALANPUR,2011,2012,0.1193508627773212,0.0918471277238852,0.0918471277238852,0.027503735053435993
GUJARAT,PANCHMAHAL,2011,2012,0.1112017400761283,0.1121769790480344,0.1121769790480344,0.0009752389719061005
GUJARAT,PATAN,2011,2012,0.0714285714285714,0.0841604044507317,0.0841604044507317,0.0127318330221603
GUJARAT,PORBANDAR,2011,2012,0.1114827201783723,0.1258689924400391,0.1258689924400391,0.014386272261666805
GUJARAT,RAJKOT COMMR.,2011,2012,0.0819444444444444,0.082484031394938,0.082484031394938,0.0005395869504935952
GUJARAT,RAJKOT RURAL,2011,2012,0.0944625407166123,0.0926476323710631,0.0926476323710631,0.0018149083455491904
GUJARAT,SURAT COMMR.,2011,2012,0.0498540067048772,0.0664769266830278,0.0664769266830278,0.01662291997815061
GUJARAT,SURAT RURAL,2011,2012,0.0430727023319615,0.0053691288228187,0.0053691288228187,0.037703573509142795
GUJARAT,SURENDRANAGAR,2011,2012,0.0837240455458807,0.0748893358402122,0.0748893358402122,0.008834709705668492
GUJARAT,TAPI,2011,2012,0.0428751576292559,-0.0251100122969491,0.0,0.0428751576292559
GUJARAT,VADODARA COMMR.,2011,2012,0.0625679242353671,0.0765219284339645,0.0765219284339645,0.013954004198597408
GUJARAT,VADODARA RURAL,2011,2012,0.0577586206896551,0.0898769278414898,0.0898769278414898,0.0321183071518347
GUJARAT,VALSAD,2011,2012,0.0223279648609077,0.0389466681288805,0.0389466681288805,0.0166187032679728
GUJARAT,W.RLY AHMEDABAD,2011,2012,0.0202898550724637,0.0336030372056861,0.0336030372056861,0.013313182133222402
GUJARAT,W.RLY VADODARA,2011,2012,0.0092592592592592,0.0152467370694279,0.0152467370694279,0.005987477810168701
HARYANA,BHIWANI,2011,2012,0.1192660550458715,0.07083424002549,0.07083424002549,0.04843181502038149
HARYANA,FARIDABAD,2011,2012,0.0935509554140127,0.0799393700102966,0.0799393700102966,0.013611585403716098
HARYANA,FATEHABAD,2011,2012,0.134765625,0.106413558020941,0.106413558020941,0.028352066979058996
HARYANA,GRP,2011,2012,0.0971479500891265,0.1107682643239754,0.1107682643239754,0.013620314234848899
HARYANA,GURGAON,2011,2012,0.0439837512256618,0.0111972424523724,0.0111972424523724,0.032786508773289404
HARYANA,HISSAR,2011,2012,0.1199030196164866,0.0855165397207583,0.0855165397207583,0.034386479895728295
HARYANA,JHAJJAR,2011,2012,0.1170054536440257,0.0939624169628752,0.0939624169628752,0.0230430366811505
HARYANA,JIND,2011,2012,0.1075731497418244,0.0513807983696746,0.0513807983696746,0.0561923513721498
HARYANA,KAITHAL,2011,2012,0.1182608695652173,0.0999028113467189,0.0999028113467189,0.018358058218498396
HARYANA,KARNAL,2011,2012,0.118969436726446,0.0841804340978806,0.0841804340978806,0.034789002628565394
HARYANA,KURUKSHETRA,2011,2012,0.1002178649237472,0.0766103020188811,0.0766103020188811,0.023607562904866097
HARYANA,MAHENDRAGARH,2011,2012,0.0862944162436548,0.0717963140756443,0.0717963140756443,0.014498102168010507
HARYANA,MEWAT,2011,2012,0.1288199341795956,0.0984246594625977,0.0984246594625977,0.03039527471699792
HARYANA,PALWAL,2011,2012,0.0943856794141578,0.0794917245594255,0.0794917245594255,0.0148939548547323
HARYANA,PANCHKULA,2011,2012,0.0946831755280407,0.0812365035382388,0.0812365035382388,0.0134466719898019
HARYANA,PANIPAT,2011,2012,0.1025299600532623,0.077897889487941,0.077897889487941,0.024632070565321296
HARYANA,REWARI,2011,2012,0.0737871993477374,0.0843392246288871,0.0843392246288871,0.010552025281149693
HARYANA,ROHTAK,2011,2012,0.0985772357723577,0.0569776135947352,0.0569776135947352,0.0415996221776225
HARYANA,SIRSA,2011,2012,0.1370647862494491,0.0966292802257059,0.0966292802257059,0.0404355060237432
HARYANA,SONIPAT,2011,2012,0.1038661281015579,0.1003736688961502,0.1003736688961502,0.003492459205407708
HARYANA,YAMUNANAGAR,2011,2012,0.1216783216783216,0.1040875774249769,0.1040875774249769,0.017590744253344698
HIMACHAL PRADESH,BADDIPOLICEDIST,2011,2012,0.0845588235294117,0.0654264686464255,0.0654264686464255,0.019132354882986202
HIMACHAL PRADESH,BILASPUR,2011,2012,0.0770031217481789,0.0397628270572067,0.0397628270572067,0.0372402946909722
HIMACHAL PRADESH,CHAMBA,2011,2012,0.0806451612903225,0.1190465282686247,0.1190465282686247,0.03840136697830221
HIMACHAL PRADESH,CID,2011,2012,0.0,-0.0087601936190457,0.0,0.0
HIMACHAL PRADESH,G.R.P.,2011,2012,0.0,0.0311889967924246,0.0311889967924246,0.0311889967924246
HIMACHAL PRADESH,HAMIRPUR,2011,2012,0.0653442240373395,0.0373683964715949,0.0373683964715949,0.0279758275657446
HIMACHAL PRADESH,KANGRA,2011,2012,0.063678406261117,0.0879656361383558,0.0879656361383558,0.024287229877238803
HIMACHAL PRADESH,KINNAUR,2011,2012,0.0725388601036269,0.1168893474651812,0.1168893474651812,0.04435048736155431
HIMACHAL PRADESH,KULLU,2011,2012,0.0847222222222222,0.1064887033584064,0.1064887033584064,0.021766481136184207
HIMACHAL PRADESH,LAHAUL-SPITI,2011,2012,0.0297029702970297,-0.0079359682535639,0.0,0.0297029702970297
HIMACHAL PRADESH,MANDI,2011,2012,0.0836216839677047,0.0898573227036362,0.0898573227036362,0.006235638735931498
HIMACHAL PRADESH,SHIMLA,2011,2012,0.0718484650555192,0.0404728739623073,0.0404728739623073,0.0313755910932119
HIMACHAL PRADESH,SIRMAUR,2011,2012,0.0853517877739331,0.1041403512343685,0.1041403512343685,0.018788563460435406
HIMACHAL PRADESH,SOLAN,2011,2012,0.0603337612323491,0.0470493726117237,0.0470493726117237,0.0132843886206254
HIMACHAL PRADESH,UNA,2011,2012,0.0803571428571428,0.09609780422138,0.09609780422138,0.015740661364237213
JAMMU & KASHMIR,ANANTNAG,2011,2012,0.1934357541899441,0.1709771029845183,0.1709771029845183,0.02245865120542581
JAMMU & KASHMIR,AWANTIPORA,2011,2012,0.1394101876675603,0.1112570595096527,0.1112570595096527,0.028153128157907603
JAMMU & KASHMIR,BANDIPORA,2011,2012,0.2565055762081784,0.1189290399523889,0.1189290399523889,0.13757653625578947
JAMMU & KASHMIR,BARAMULLA,2011,2012,0.1973684210526315,0.1520725006941087,0.1520725006941087,0.04529592035852281
JAMMU & KASHMIR,BUDGAM,2011,2012,0.1765182186234817,0.1426978515399424,0.1426978515399424,0.03382036708353928
JAMMU & KASHMIR,CRIME JAMMU,2011,2012,0.0,-0.013102388263368,0.0,0.0
JAMMU & KASHMIR,CRIME SRINAGAR,2011,2012,0.0,-0.0150368258026509,0.0,0.0
JAMMU & KASHMIR,DODA,2011,2012,0.1420689655172413,0.1868001799586487,0.1868001799586487,0.0447312144414074
JAMMU & KASHMIR,GANDERBAL,2011,2012,0.2716981132075471,0.1734598494682985,0.1734598494682985,0.0982382637392486
JAMMU & KASHMIR,HANDWARA,2011,2012,0.2774327122153209,0.1635902698024228,0.1635902698024228,0.11384244241289809
JAMMU & KASHMIR,JAMMU,2011,2012,0.0675739089629282,0.0486158888365323,0.0486158888365323,0.0189580201263959
JAMMU & KASHMIR,KARGIL,2011,2012,0.0185185185185185,0.0300064892802117,0.0300064892802117,0.011487970761693198
JAMMU & KASHMIR,KATHUA,2011,2012,0.0932270916334661,0.1238510414661561,0.1238510414661561,0.030623949832689998
JAMMU & KASHMIR,KISHTWAR,2011,2012,0.1252955082742316,0.1255077124423874,0.1255077124423874,0.00021220416815578846
JAMMU & KASHMIR,KULGAM,2011,2012,0.2603092783505155,0.1478297741800176,0.1478297741800176,0.11247950417049787
JAMMU & KASHMIR,KUPWARA,2011,2012,0.1794228356336261,0.1451255591461425,0.1451255591461425,0.0342972764874836
JAMMU & KASHMIR,LEH,2011,2012,0.0497237569060773,0.0462843475574469,0.0462843475574469,0.0034394093486303998
JAMMU & KASHMIR,POONCH,2011,2012,0.1202380952380952,0.1482241043320112,0.1482241043320112,0.027986009093915992
JAMMU & KASHMIR,PULWAMA,2011,2012,0.1261467889908256,0.1124453983580937,0.1124453983580937,0.013701390632731902
JAMMU & KASHMIR,RAILWAYS JAMMU,2011,2012,0.0666666666666666,0.0131895769391821,0.0131895769391821,0.053477089727484495
JAMMU & KASHMIR,RAILWAYS KASHMIR,2011,2012,0.0588235294117647,0.0543135468717535,0.0543135468717535,0.004509982540011198
JAMMU & KASHMIR,RAJOURI,2011,2012,0.1039577836411609,0.1124634495393907,0.1124634495393907,0.008505665898229806
JAMMU & KASHMIR,RAMBAN,2011,2012,0.0577427821522309,0.0756488086823496,0.0756488086823496,0.017906026530118704
JAMMU & KASHMIR,REASI,2011,2012,0.0766961651917404,0.0883446045521039,0.0883446045521039,0.0116484393603635
JAMMU & KASHMIR,SAMBA,2011,2012,0.0579514824797843,0.090086253797557,0.090086253797557,0.032134771317772697
JAMMU & KASHMIR,SHOPIAN,2011,2012,0.1673003802281368,0.1812692444426629,0.1812692444426629,0.013968864214526089
JAMMU & KASHMIR,SOPORE,2011,2012,0.1715610510046367,0.1385243530048722,0.1385243530048722,0.0330366979997645
JAMMU & KASHMIR,SRINAGAR,2011,2012,0.1778202676864244,0.1104792597722547,0.1104792597722547,0.06734100791416969
JAMMU & KASHMIR,UDHAMPUR,2011,2012,0.0886426592797784,0.0837863916359064,0.0837863916359064,0.004856267643871995
JHARKHAND,BOKARO,2011,2012,0.097054698457223,0.0657469453792977,0.0657469453792977,0.0313077530779253
JHARKHAND,CHAIBASA,2011,2012,0.0888888888888888,0.0979125242252795,0.0979125242252795,0.009023635336390709
JHARKHAND,CHATRA,2011,2012,0.0697445972495088,0.0981945891271983,0.0981945891271983,0.028449991877689512
JHARKHAND,DEOGHAR,2011,2012,0.1489255372313843,0.0627439827809033,0.0627439827809033,0.086181554450481
JHARKHAND,DHANBAD,2011,2012,0.066420664206642,0.073768714891206,0.073768714891206,0.007348050684563998
JHARKHAND,DHANBAD RLY.,2011,2012,0.0419947506561679,0.0345378030962012,0.0345378030962012,0.0074569475599667034
JHARKHAND,DUMKA,2011,2012,0.0851351351351351,0.0974204668469067,0.0974204668469067,0.012285331711771597
JHARKHAND,GARHWA,2011,2012,0.0794392523364486,0.0759582829989448,0.0759582829989448,0.0034809693375037892
JHARKHAND,GIRIDIH,2011,2012,0.0947075208913649,0.0821448888145207,0.0821448888145207,0.012562632076844202
JHARKHAND,GODDA,2011,2012,0.0554926387315968,0.0932240270134166,0.0932240270134166,0.0377313882818198
JHARKHAND,GUMLA,2011,2012,0.1156316916488222,0.1351428360467738,0.1351428360467738,0.019511144397951596
JHARKHAND,HAZARIBAGH,2011,2012,0.0749588138385502,0.1038026635932969,0.1038026635932969,0.0288438497547467
JHARKHAND,JAMSHEDPUR,2011,2012,0.0750683569475515,0.100240493425733,0.100240493425733,0.025172136478181506
JHARKHAND,JAMSHEDPUR RLY.,2011,2012,0.0096153846153846,0.0034774415091208,0.0034774415091208,0.0061379431062638
JHARKHAND,JAMTARA,2011,2012,0.1433607520564042,0.0934945176002984,0.0934945176002984,0.0498662344561058
JHARKHAND,KHUNTI,2011,2012,0.0661375661375661,-0.0032656584066695,0.0,0.0661375661375661
JHARKHAND,KODERMA,2011,2012,0.0809859154929577,0.115911080112087,0.115911080112087,0.03492516461912931
JHARKHAND,LATEHAR,2011,2012,0.1193181818181818,0.1902131708654778,0.1902131708654778,0.07089498904729599
JHARKHAND,LOHARDAGGA,2011,2012,0.165929203539823,0.1463055139499034,0.1463055139499034,0.019623689589919585
JHARKHAND,PAKUR,2011,2012,0.1616702355460385,0.1238318209316596,0.1238318209316596,0.03783841461437888
JHARKHAND,PALAMU,2011,2012,0.0668880455407969,0.092370992324438,0.092370992324438,0.025482946783641103
JHARKHAND,RAMGARH,2011,2012,0.0802407221664995,0.0912940352296396,0.0912940352296396,0.0110533130631401
JHARKHAND,RANCHI,2011,2012,0.0863579474342928,0.0595627814856516,0.0595627814856516,0.026795165948641203
JHARKHAND,SAHEBGANJ,2011,2012,0.1566757493188011,0.1623630577729279,0.1623630577729279,0.005687308454126794
JHARKHAND,SARAIKELA,2011,2012,0.1024498886414253,0.081994253422407,0.081994253422407,0.020455635219018303
JHARKHAND,SIMDEGA,2011,2012,0.1509846827133479,0.1881071123797193,0.1881071123797193,0.037122429666371415
KARNATAKA,BAGALKOT,2011,2012,0.0744125326370757,0.0842020263766467,0.0842020263766467,0.009789493739570998
KARNATAKA,BANGALORE COMMR.,2011,2012,0.0535531435592873,-0.0388701330001248,0.0,0.0535531435592873
KARNATAKA,BANGALORE RURAL,2011,2012,0.0467541809027153,0.0746322918182778,0.0746322918182778,0.0278781109155625
KARNATAKA,BELGAUM,2011,2012,0.0901256208004674,0.06971216235676,0.06971216235676,0.0204134584437074
KARNATAKA,BELLARY,2011,2012,0.0674590427240603,0.0883347593562337,0.0883347593562337,0.0208757166321734
KARNATAKA,BIDAR,2011,2012,0.0524733533752391,0.0721098917919268,0.0721098917919268,0.0196365384166877
KARNATAKA,BIJAPUR,2011,2012,0.0826149425287356,0.0886124944604147,0.0886124944604147,0.005997551931679113
KARNATAKA,CBPURA,2011,2012,0.0563600782778865,0.1110482475422148,0.1110482475422148,0.054688169264328304
KARNATAKA,CHAMARAJNAGAR,2011,2012,0.0853517877739331,0.0938786298817567,0.0938786298817567,0.008526842107823604
KARNATAKA,CHICKMAGALUR,2011,2012,0.0768307322929171,0.0808043386175098,0.0808043386175098,0.003973606324592691
KARNATAKA,CHITRADURGA,2011,2012,0.0692118226600985,0.0838264905735249,0.0838264905735249,0.014614667913426402
KARNATAKA,DAKSHIN KANNADA,2011,2012,0.0593358737071311,0.0510026645978353,0.0510026645978353,0.008333209109295803
KARNATAKA,DAVANAGERE,2011,2012,0.0867970660146699,0.0837811292782775,0.0837811292782775,0.0030159367363924022
KARNATAKA,DHARWAD COMMR.,2011,2012,0.0737874097007224,0.084553403133792,0.084553403133792,0.01076599343306961
KARNATAKA,DHARWAD RURAL,2011,2012,0.060882800608828,0.0269320269409826,0.0269320269409826,0.03395077366784541
KARNATAKA,GADAG,2011,2012,0.1162361623616236,0.1099962478635686,0.1099962478635686,0.006239914498054999
KARNATAKA,GULBARGA,2011,2012,0.091418820087762,0.0987990205796623,0.0987990205796623,0.007380200491900302
KARNATAKA,HASSAN,2011,2012,0.0586447344895404,0.0869322960465903,0.0869322960465903,0.028287561557049895
KARNATAKA,HAVERI,2011,2012,0.0741216795201371,0.08674832100576,0.08674832100576,0.012626641485622911
KARNATAKA,K.G.F.,2011,2012,0.0476190476190476,0.0478064410627872,0.0478064410627872,0.00018739344373959466
KARNATAKA,KODAGU,2011,2012,0.0560928433268858,0.0479543500083069,0.0479543500083069,0.008138493318578903
KARNATAKA,KOLAR,2011,2012,0.0497737556561085,0.0952174403704848,0.0952174403704848,0.0454436847143763
KARNATAKA,KOPPAL,2011,2012,0.0726315789473684,0.0794089435956264,0.0794089435956264,0.006777364648258011
KARNATAKA,MANDYA,2011,2012,0.0752324598478444,0.0962113527257566,0.0962113527257566,0.0209788928779122
KARNATAKA,MANGALORE CITY,2011,2012,0.0409530900967982,0.0355713375173228,0.0355713375173228,0.005381752579475402
KARNATAKA,MYSORE COMMR.,2011,2012,0.034311991510435,0.0376765623925608,0.0376765623925608,0.0033645708821258002
KARNATAKA,MYSORE RURAL,2011,2012,0.0960829493087557,0.0881471918907481,0.0881471918907481,0.007935757418007602
KARNATAKA,RAICHUR,2011,2012,0.1266447368421052,0.1171754387162281,0.1171754387162281,0.009469298125877101
KARNATAKA,RAILWAYS,2011,2012,0.0169230769230769,-0.0257361745586764,0.0,0.0169230769230769
KARNATAKA,RAMANAGAR,2011,2012,0.0594779632006846,0.094473578838046,0.094473578838046,0.034995615637361394
KARNATAKA,SHIMOGA,2011,2012,0.0863952333664349,0.0870240308075058,0.0870240308075058,0.0006287974410709024
KARNATAKA,TUMKUR,2011,2012,0.0704022988505747,0.0839278712698692,0.0839278712698692,0.013525572419294501
KARNATAKA,UDUPI,2011,2012,0.0395112016293279,0.0260863863136572,0.0260863863136572,0.013424815315670698
KARNATAKA,UTTAR KANNADA,2011,2012,0.0714033227288794,0.0441968993898807,0.0441968993898807,0.027206423338998705
KARNATAKA,YADGIRI,2011,2012,0.1344989912575655,0.1165829490780052,0.1165829490780052,0.017916042179560304
KERALA,ALAPUZHA,2011,2012,0.0725806451612903,0.070077464541413,0.070077464541413,0.002503180619877296
KERALA,ERNAKULAM COMMR.,2011,2012,0.0164502164502164,0.0216812062181018,0.0216812062181018,0.0052309897678853995
KERALA,ERNAKULAM RURAL,2011,2012,0.0441988950276243,-0.0033185899989257,0.0,0.0441988950276243
KERALA,IDUKKI,2011,2012,0.0940603700097371,0.0809348649248553,0.0809348649248553,0.013125505084881806
KERALA,KANNUR,2011,2012,0.080347577669325,0.0794066163788881,0.0794066163788881,0.0009409612904369008
KERALA,KASARGOD,2011,2012,0.093719806763285,0.1087431504539143,0.1087431504539143,0.015023343690629312
KERALA,KOLLAM COMMR.,2011,2012,0.0874911660777385,0.0948184760883339,0.0948184760883339,0.007327310010595389
KERALA,KOLLAM RURAL,2011,2012,0.1136743564025409,0.1083286263496614,0.1083286263496614,0.005345730052879499
KERALA,KOTTAYAM,2011,2012,0.0526060213661379,0.0810107249370023,0.0810107249370023,0.0284047035708644
KERALA,KOZHIKODE COMMR.,2011,2012,0.0892470531633389,0.1321493156226859,0.1321493156226859,0.04290226245934699
KERALA,KOZHIKODE RURAL,2011,2012,0.0954658165072617,0.0762374188550703,0.0762374188550703,0.019228397652191406
KERALA,MALAPPURAM,2011,2012,0.0708327540664535,0.074846561811096,0.074846561811096,0.0040138077446425086
KERALA,PALAKKAD,2011,2012,0.0747793776126335,0.0943627859127012,0.0943627859127012,0.019583408300067703
KERALA,PATHANAMTHITTA,2011,2012,0.0671921921921921,0.0729305610343735,0.0729305610343735,0.005738368842181402
KERALA,RAILWAYS,2011,2012,0.1776504297994269,0.0391796095535815,0.0391796095535815,0.13847082024584542
KERALA,THRISSUR COMMR.,2011,2012,0.0540757381258023,0.0528309865922056,0.0528309865922056,0.0012447515335966969
KERALA,THRISSUR RURAL,2011,2012,0.0503581020590868,0.083366990001348,0.083366990001348,0.03300888794226119
KERALA,TRIVANDRUM COMMR.,2011,2012,0.064516129032258,0.0614652391474176,0.0614652391474176,0.0030508898848403965
KERALA,TRIVANDRUM RURAL,2011,2012,0.1092787601827935,0.118888060898502,0.118888060898502,0.009609300715708494
KERALA,WAYANADU,2011,2012,0.0823244552058111,0.0657321694027713,0.0657321694027713,0.0165922858030398
LAKSHADWEEP,LAKSHADWEEP,2011,2012,0.0327868852459016,-0.0569291985848426,0.0,0.0327868852459016
MADHYA PRADESH,ALIRAJPUR,2011,2012,0.0508849557522123,0.0802650397819062,0.0802650397819062,0.0293800840296939
MADHYA PRADESH,ANUPPUR,2011,2012,0.1231197771587743,0.1240696543452088,0.1240696543452088,0.0009498771864344946
MADHYA PRADESH,ASHOK NAGAR,2011,2012,0.0606060606060606,0.0600341521905713,0.0600341521905713,0.0005719084154892987
MADHYA PRADESH,BALAGHAT,2011,2012,0.100250626566416,0.0796853570927925,0.0796853570927925,0.020565269473623513
MADHYA PRADESH,BARWANI,2011,2012,0.0740009866798224,0.0804987568818694,0.0804987568818694,0.006497770202047004
MADHYA PRADESH,BETUL,2011,2012,0.1181434599156118,0.1111369329139943,0.1111369329139943,0.007006527001617496
MADHYA PRADESH,BHIND,2011,2012,0.065289466972711,0.095088022754773,0.095088022754773,0.029798555782062003
MADHYA PRADESH,BHOPAL,2011,2012,0.0541163326583339,0.0420523439965355,0.0420523439965355,0.012063988661798399
MADHYA PRADESH,BHOPAL RLY.,2011,2012,0.016083916083916,0.0081666637287194,0.0081666637287194,0.0079172523551966
MADHYA PRADESH,BURHANPUR,2011,2012,0.0988169798190675,0.0626819269893647,0.0626819269893647,0.03613505282970279
MADHYA PRADESH,CHHATARPUR,2011,2012,0.0811587793011941,0.1076474844405165,0.1076474844405165,0.026488705139322402
MADHYA PRADESH,CHHINDWARA,2011,2012,0.0964036904537751,0.0973610944155465,0.0973610944155465,0.0009574039617713942
MADHYA PRADESH,DAMOH,2011,2012,0.1154201292705447,0.1474434327606286,0.1474434327606286,0.03202330349008391
MADHYA PRADESH,DATIYA,2011,2012,0.0593775593775593,0.0794724588738858,0.0794724588738858,0.020094899496326507
MADHYA PRADESH,DEWAS,2011,2012,0.0795158286778398,0.0705253981057232,0.0705253981057232,0.008990430572116598
MADHYA PRADESH,DHAR,2011,2012,0.0768123763266774,0.0948690573878384,0.0948690573878384,0.018056681061161012
MADHYA PRADESH,DINDORI,2011,2012,0.1386918833727344,0.1760076432236053,0.1760076432236053,0.037315759850870905
MADHYA PRADESH,GUNA,2011,2012,0.0757027553576398,0.0821621171285411,0.0821621171285411,0.006459361770901298
MADHYA PRADESH,GWALIOR,2011,2012,0.0558464223385689,0.0540956932831842,0.0540956932831842,0.0017507290553847032
MADHYA PRADESH,HARDA,2011,2012,0.0879454131918119,0.1239739827552507,0.1239739827552507,0.036028569563438806
MADHYA PRADESH,HOSHANGABAD,2011,2012,0.0976053349499848,0.1226157491272448,0.1226157491272448,0.025010414177259993
MADHYA PRADESH,INDORE,2011,2012,0.05774701308553,0.0480389525096475,0.0480389525096475,0.009708060575882499
MADHYA PRADESH,INDORE RLY.,2011,2012,0.0233644859813084,0.0264140118816467,0.0264140118816467,0.0030495259003383013
MADHYA PRADESH,JABALPUR,2011,2012,0.0686459909228441,0.1047549880806265,0.1047549880806265,0.0361089971577824
MADHYA PRADESH,JABALPUR RLY.,2011,2012,0.0184426229508196,-0.0175798536251242,0.0,0.0184426229508196
MADHYA PRADESH,JHABUA,2011,2012,0.0834703947368421,0.0746033101956361,0.0746033101956361,0.008867084541206008
MADHYA PRADESH,KATNI,2011,2012,0.0868794326241134,0.1025302770756201,0.1025302770756201,0.01565084445150669
MADHYA PRADESH,KHANDWA,2011,2012,0.0900774102744546,0.0922708102317831,0.0922708102317831,0.002193399957328507
MADHYA PRADESH,KHARGON,2011,2012,0.0759827420901246,0.0719185762461606,0.0719185762461606,0.0040641658439639905
MADHYA PRADESH,MANDLA,2011,2012,0.101933216168717,0.1045953868025116,0.1045953868025116,0.0026621706337945916
MADHYA PRADESH,MANDSAUR,2011,2012,0.0789625360230547,0.0865374216734667,0.0865374216734667,0.0075748856504120055
MADHYA PRADESH,MORENA,2011,2012,0.0552282768777614,0.1046834366771359,0.1046834366771359,0.049455159799374496
MADHYA PRADESH,NARSINGHPUR,2011,2012,0.110023724792408,0.1190733150892831,0.1190733150892831,0.00904959029687509
MADHYA PRADESH,NEEMUCH,2011,2012,0.0636446886446886,0.078842724088178,0.078842724088178,0.015198035443489397
MADHYA PRADESH,PANNA,2011,2012,0.0774049217002237,0.0936899920093302,0.0936899920093302,0.016285070309106503
MADHYA PRADESH,RAISEN,2011,2012,0.0867395437262357,0.079800115584616,0.079800115584616,0.0069394281416196996
MADHYA PRADESH,RAJGARH,2011,2012,0.0857203479736898,0.0690228661652198,0.0690228661652198,0.01669748180847
MADHYA PRADESH,RATLAM,2011,2012,0.0985092078339666,0.0942481925086306,0.0942481925086306,0.004261015325336001
MADHYA PRADESH,REWA,2011,2012,0.0723767957810511,0.1026433323346816,0.1026433323346816,0.0302665365536305
MADHYA PRADESH,SAGAR,2011,2012,0.0894685782041608,0.1204422055617924,0.1204422055617924,0.030973627357631595
MADHYA PRADESH,SATNA,2011,2012,0.0741494082840236,0.1073816269693942,0.1073816269693942,0.0332322186853706
MADHYA PRADESH,SEONI,2011,2012,0.0795163063393184,0.0810989620491677,0.0810989620491677,0.0015826557098492927
MADHYA PRADESH,SHAHDOL,2011,2012,0.1190758293838862,0.1123490563783018,0.1123490563783018,0.006726773005584399
MADHYA PRADESH,SHAJAPUR,2011,2012,0.0749030140256639,0.04915475132588,0.04915475132588,0.025748262699783905
MADHYA PRADESH,SHEOPUR,2011,2012,0.0704747774480712,0.0682855999279687,0.0682855999279687,0.0021891775201024893
MADHYA PRADESH,SHIVPURI,2011,2012,0.0756691487220768,0.1008156201076207,0.1008156201076207,0.025146471385543892
MADHYA PRADESH,SIDHI,2011,2012,0.0988711560918645,0.0841006353410303,0.0841006353410303,0.01477052075083421
MADHYA PRADESH,SIHORE,2011,2012,0.0652118100128369,0.0815977426918063,0.0815977426918063,0.0163859326789694
MADHYA PRADESH,SINGRAULI,2011,2012,0.0989974937343358,0.0993757502954738,0.0993757502954738,0.00037825656113799067
MADHYA PRADESH,TIKAMGARH,2011,2012,0.0762942779291553,0.1154998524653616,0.1154998524653616,0.039205574536206295
MADHYA PRADESH,UJJAIN,2011,2012,0.0669723663569446,0.0634445002711594,0.0634445002711594,0.003527866085785203
MADHYA PRADESH,UMARIYA,2011,2012,0.0934283452098179,0.0739885285276718,0.0739885285276718,0.01943981668214609
MADHYA PRADESH,VIDISHA,2011,2012,0.1018598615916955,0.0941713353874198,0.0941713353874198,0.007688526204275695
MAHARASHTRA,AHMEDNAGAR,2011,2012,0.1196357113288257,0.1698117621903531,0.1698117621903531,0.050176050861527405
MAHARASHTRA,AKOLA,2011,2012,0.0766773162939297,0.1095420114411299,0.1095420114411299,0.03286469514720021
MAHARASHTRA,AMRAVATI COMMR.,2011,2012,0.0670596904937361,0.0684592536245155,0.0684592536245155,0.0013995631307794076
MAHARASHTRA,AMRAVATI RURAL,2011,2012,0.0943056493360342,0.0991537626650145,0.0991537626650145,0.004848113328980289
MAHARASHTRA,AURANGABAD COMMR.,2011,2012,0.0762295081967213,0.0930734383691738,0.0930734383691738,0.016843930172452504
MAHARASHTRA,AURANGABAD RURAL,2011,2012,0.1288240246982879,0.0929406641337166,0.0929406641337166,0.03588336056457131
MAHARASHTRA,BEED,2011,2012,0.1385365853658536,0.1207036693752929,0.1207036693752929,0.017832915990560694
MAHARASHTRA,BHANDARA,2011,2012,0.0831683168316831,0.0725005414523924,0.0725005414523924,0.0106677753792907
MAHARASHTRA,BULDHANA,2011,2012,0.1206403659233847,0.0842419645135908,0.0842419645135908,0.036398401409793904
MAHARASHTRA,CHANDRAPUR,2011,2012,0.1075982996811902,0.0917862657982131,0.0917862657982131,0.015812033882977097
MAHARASHTRA,DHULE,2011,2012,0.1179709005112072,0.1123521335256109,0.1123521335256109,0.00561876698559631
MAHARASHTRA,GADCHIROLI,2011,2012,0.075356415478615,0.1089058620415909,0.1089058620415909,0.0335494465629759
MAHARASHTRA,GONDIA,2011,2012,0.0874224478285392,0.080909811496896,0.080909811496896,0.006512636331643201
MAHARASHTRA,HINGOLI,2011,2012,0.1099137931034482,0.1181573852274375,0.1181573852274375,0.008243592123989299
MAHARASHTRA,JALGAON,2011,2012,0.1378405650857719,0.0961332506780006,0.0961332506780006,0.041707314407771284
MAHARASHTRA,JALNA,2011,2012,0.15956749672346,0.1163386583095459,0.1163386583095459,0.04322883841391409
MAHARASHTRA,KOLHAPUR,2011,2012,0.0781558726673984,0.0693010911388025,0.0693010911388025,0.008854781528595895
MAHARASHTRA,LATUR,2011,2012,0.1019147621988882,0.1081852008800493,0.1081852008800493,0.006270438681161103
MAHARASHTRA,MUMBAI COMMR.,2011,2012,0.0554590448720049,-0.0009737455184219,0.0,0.0554590448720049
MAHARASHTRA,MUMBAI RLY.,2011,2012,0.0141874462596732,-0.003404098674221,0.0,0.0141874462596732
MAHARASHTRA,NAGPUR COMMR.,2011,2012,0.0506160908431988,0.0428504145807294,0.0428504145807294,0.0077656762624693995
MAHARASHTRA,NAGPUR RLY.,2011,2012,0.0108275328692962,-0.0037141430388097,0.0,0.0108275328692962
MAHARASHTRA,NAGPUR RURAL,2011,2012,0.0632072867789125,0.0817227340019484,0.0817227340019484,0.0185154472230359
MAHARASHTRA,NANDED,2011,2012,0.1300064253587492,0.0921578284490715,0.0921578284490715,0.037848596909677706
MAHARASHTRA,NANDURBAR,2011,2012,0.0978660779985283,0.1153348529975455,0.1153348529975455,0.01746877499901721
MAHARASHTRA,NASIK COMMR.,2011,2012,0.0546572534730129,0.0331305100618543,0.0331305100618543,0.0215267434111586
MAHARASHTRA,NASIK RURAL,2011,2012,0.1025493578685068,0.0870501163525972,0.0870501163525972,0.015499241515909604
MAHARASHTRA,NAVI MUMBAI,2011,2012,0.0461419154711128,0.0686905374931809,0.0686905374931809,0.022548622022068095
MAHARASHTRA,OSMANABAD,2011,2012,0.112565445026178,0.0967362249072748,0.0967362249072748,0.015829220118903198
MAHARASHTRA,PARBHANI,2011,2012,0.1342967923863235,0.1464108402745306,0.1464108402745306,0.012114047888207108
MAHARASHTRA,PUNE COMMR.,2011,2012,0.05061337232919,0.013441157672884,0.013441157672884,0.037172214656306
MAHARASHTRA,PUNE RLY.,2011,2012,0.0134529147982062,-0.0060971376732362,0.0,0.0134529147982062
MAHARASHTRA,PUNE RURAL,2011,2012,0.0691249703580744,0.0346685175811476,0.0346685175811476,0.0344564527769268
MAHARASHTRA,RAIGAD,2011,2012,0.062037037037037,0.0787498652625801,0.0787498652625801,0.016712828225543097
MAHARASHTRA,RATNAGIRI,2011,2012,0.0736240171551108,0.0793958377535479,0.0793958377535479,0.005771820598437102
MAHARASHTRA,SANGLI,2011,2012,0.0761494252873563,0.0896815824968056,0.0896815824968056,0.013532157209449308
MAHARASHTRA,SATARA,2011,2012,0.0697997223874677,0.1007356355176598,0.1007356355176598,0.03093591313019209
MAHARASHTRA,SINDHUDURG,2011,2012,0.0808457711442786,0.0519834063807628,0.0519834063807628,0.0288623647635158
MAHARASHTRA,SOLAPUR COMMR.,2011,2012,0.0722528850978424,0.0538479862971831,0.0538479862971831,0.018404898800659306
MAHARASHTRA,SOLAPUR RURAL,2011,2012,0.0797408979227161,0.0905621665029183,0.0905621665029183,0.0108212685802022
MAHARASHTRA,THANE COMMR.,2011,2012,0.0784622966978807,0.0802456888226399,0.0802456888226399,0.0017833921247591977
MAHARASHTRA,THANE RURAL,2011,2012,0.0622832369942196,0.0436490322663483,0.0436490322663483,0.0186342047278713
MAHARASHTRA,WARDHA,2011,2012,0.0695652173913043,0.0994636075160331,0.0994636075160331,0.029898390124728808
MAHARASHTRA,WASHIM,2011,2012,0.1347011596788581,0.1032940744687357,0.1032940744687357,0.03140708521012239
MAHARASHTRA,YAVATMAL,2011,2012,0.0947219604147031,0.1135383777725753,0.1135383777725753,0.018816417357872206
MANIPUR,BISHNUPUR,2011,2012,0.0952380952380952,0.1077013510858384,0.1077013510858384,0.012463255847743201
MANIPUR,CHANDEL,2011,2012,0.0869565217391304,0.0039799929512729,0.0039799929512729,0.08297652878785751
MANIPUR,CHURACHANDPUR,2011,2012,0.0743801652892562,0.0468861657306365,0.0468861657306365,0.027493999558619697
MANIPUR,CID,2011,2012,0.0,-0.008996853401924,0.0,0.0
MANIPUR,IMPHAL EAST,2011,2012,0.1084507042253521,0.1295387243251508,0.1295387243251508,0.021088020099798696
MANIPUR,IMPHAL WEST,2011,2012,0.0807537012113055,0.0568356735535753,0.0568356735535753,0.023918027657730198
MANIPUR,SENAPATI,2011,2012,0.1412429378531073,0.0283180639672067,0.0283180639672067,0.11292487388590058
MANIPUR,TAMENGLONG,2011,2012,0.1081081081081081,0.0032720068190182,0.0032720068190182,0.1048361012890899
MANIPUR,THOUBAL,2011,2012,0.1358381502890173,0.1792987319630683,0.1792987319630683,0.04346058167405101
MANIPUR,UKHRUL,2011,2012,0.1,0.0962898118269946,0.0962898118269946,0.003710188173005405
MEGHALAYA,GARO HILLS EAST,2011,2012,0.0945945945945946,0.0647234607647435,0.0647234607647435,0.0298711338298511
MEGHALAYA,GARO HILLS SOUTH,2011,2012,0.1632653061224489,0.1226084774288057,0.1226084774288057,0.040656828693643204
MEGHALAYA,GARO HILLS WEST,2011,2012,0.0572033898305084,0.1289225052694457,0.1289225052694457,0.0717191154389373
MEGHALAYA,JAINTIA HILLS,2011,2012,0.1338383838383838,0.1923623464566974,0.1923623464566974,0.05852396261831358
MEGHALAYA,KHASI HILLS EAST,2011,2012,0.1209150326797385,0.0909419617889441,0.0909419617889441,0.029973070890794387
MEGHALAYA,KHASI HILLS WEST,2011,2012,0.1866666666666666,0.1582293382679311,0.1582293382679311,0.0284373283987355
MEGHALAYA,RI-BHOI,2011,2012,0.1744186046511628,0.1538575108841517,0.1538575108841517,0.020561093767011096
MIZORAM,AIZAWL,2011,2012,0.1059602649006622,0.0493919085509266,0.0493919085509266,0.056568356349735595
MIZORAM,CHAMPHAI,2011,2012,0.1212121212121212,0.0632754565866331,0.0632754565866331,0.057936664625488105
MIZORAM,KOLASIB,2011,2012,0.1091954022988505,0.0688948984749487,0.0688948984749487,0.040300503823901795
MIZORAM,LAWNGTLAI,2011,2012,0.0888888888888888,0.0608135967045626,0.0608135967045626,0.028075292184326195
MIZORAM,LUNGLEI,2011,2012,0.1468531468531468,0.0639961894298083,0.0639961894298083,0.0828569574233385
MIZORAM,MAMIT,2011,2012,0.1728395061728395,0.0476712279259505,0.0476712279259505,0.125168278246889
MIZORAM,SAIHA,2011,2012,0.0303030303030303,0.0718546783365767,0.0718546783365767,0.0415516480335464
MIZORAM,SERCHHIP,2011,2012,0.1927710843373494,0.0744229471300483,0.0744229471300483,0.11834813720730111
NAGALAND,DIMAPUR,2011,2012,0.0647619047619047,0.0329410434571909,0.0329410434571909,0.0318208613047138
NAGALAND,KIPHIRE,2011,2012,0.0,-0.0091967664262601,0.0,0.0
NAGALAND,KOHIMA,2011,2012,0.0335195530726257,0.042832954645685,0.042832954645685,0.0093134015730593
NAGALAND,LONGLENG,2011,2012,0.0,0.0910252053777351,0.0910252053777351,0.0910252053777351
NAGALAND,MOKOKCHUNG,2011,2012,0.0967741935483871,0.0793077749380242,0.0793077749380242,0.017466418610362897
NAGALAND,MON,2011,2012,0.1111111111111111,0.0887947891760342,0.0887947891760342,0.022316321935076905
NAGALAND,PEREN,2011,2012,0.0333333333333333,0.0159641638831516,0.0159641638831516,0.017369169450181698
NAGALAND,PHEK,2011,2012,0.0681818181818181,0.1319568721345189,0.1319568721345189,0.0637750539527008
NAGALAND,TUENSANG,2011,2012,0.0222222222222222,0.0850258688734764,0.0850258688734764,0.06280364665125421
NAGALAND,WOKHA,2011,2012,0.0333333333333333,0.0602709482262508,0.0602709482262508,0.026937614892917502
NAGALAND,ZUNHEBOTO,2011,2012,0.0597014925373134,0.0688279755914412,0.0688279755914412,0.009126483054127804
ODISHA,ANGUL,2011,2012,0.1425964546402502,0.1310118937901234,0.1310118937901234,0.011584560850126796
ODISHA,BALASORE,2011,2012,0.197040864255519,0.2023639916183835,0.2023639916183835,0.005323127362864499
ODISHA,BARAGARH,2011,2012,0.1931428571428571,0.1645239696806553,0.1645239696806553,0.028618887462201786
ODISHA,BERHAMPUR,2011,2012,0.1740684022460439,0.1088699979890173,0.1088699979890173,0.0651984042570266
ODISHA,BHADRAK,2011,2012,0.1546666666666666,0.1554897815886271,0.1554897815886271,0.0008231149219605216
ODISHA,BOLANGIR,2011,2012,0.1826208178438661,0.1450962702205908,0.1450962702205908,0.03752454762327531
ODISHA,BOUDH,2011,2012,0.1951588502269289,0.149152784932272,0.149152784932272,0.046006065294656895
ODISHA,CUTTACK,2011,2012,0.1127297953520638,0.1421322121503746,0.1421322121503746,0.029402416798310807
ODISHA,DCP BBSR,2011,2012,0.0723644426526909,0.0893016573027709,0.0893016573027709,0.016937214650079996
ODISHA,DCP CTC,2011,2012,0.0961465089660435,0.0863379631506554,0.0863379631506554,0.009808545815388106
ODISHA,DEOGARH,2011,2012,0.160337552742616,0.2041265094792001,0.2041265094792001,0.04378895673658412
ODISHA,DHENKANAL,2011,2012,0.2109856262833675,0.1510424556506713,0.1510424556506713,0.05994317063269622
ODISHA,GAJAPATI,2011,2012,0.2663316582914573,0.2129685478275428,0.2129685478275428,0.05336311046391448
ODISHA,GANJAM,2011,2012,0.25,0.1618201206233648,0.1618201206233648,0.08817987937663521
ODISHA,JAGATSINGHPUR,2011,2012,0.1345794392523364,0.1074526350309956,0.1074526350309956,0.027126804221340797
ODISHA,JAJPUR,2011,2012,0.1492753623188406,0.109859743513159,0.109859743513159,0.03941561880568159
ODISHA,JHARSUGUDA,2011,2012,0.110576923076923,0.0153353827008262,0.0153353827008262,0.0952415403760968
ODISHA,KALAHANDI,2011,2012,0.2075919335705812,0.1771588201419352,0.1771588201419352,0.03043311342864599
ODISHA,KANDHAMAL,2011,2012,0.2399049881235154,0.1775876947642674,0.1775876947642674,0.062317293359248016
ODISHA,KENDRAPARA,2011,2012,0.0996661897949451,0.1636907457115194,0.1636907457115194,0.0640245559165743
ODISHA,KEONJHAR,2011,2012,0.2551834130781499,0.1136574979421909,0.1136574979421909,0.141525915135959
ODISHA,KHURDA,2011,2012,0.3320713899405084,0.1325971055445374,0.1325971055445374,0.19947428439597098
ODISHA,KORAPUT,2011,2012,0.1767994409503843,0.1532063540845523,0.1532063540845523,0.023593086865832003
ODISHA,MALKANGIR,2011,2012,0.2246520874751491,0.2092368124705486,0.2092368124705486,0.015415275004600493
ODISHA,MAYURBHANJ,2011,2012,0.2427903351519875,0.1605221146947891,0.1605221146947891,0.0822682204571984
ODISHA,NAYAGARH,2011,2012,0.0909090909090909,0.1251898701953508,0.1251898701953508,0.0342807792862599
ODISHA,NOWRANGPUR,2011,2012,0.2238514173998045,0.1907550659519412,0.1907550659519412,0.0330963514478633
ODISHA,NUAPADA,2011,2012,0.1290672451193058,0.0905466507528363,0.0905466507528363,0.03852059436646951
ODISHA,PURI,2011,2012,0.082389289392379,0.0969367722591814,0.0969367722591814,0.014547482866802408
ODISHA,RAYAGADA,2011,2012,0.2267942583732057,0.2086596259863952,0.2086596259863952,0.018134632386810484
ODISHA,ROURKELA,2011,2012,0.1208378088077336,0.0914418495328777,0.0914418495328777,0.029395959274855887
ODISHA,SAMBALPUR,2011,2012,0.0763636363636363,0.0646039020257663,0.0646039020257663,0.011759734337870004
ODISHA,SONEPUR,2011,2012,0.1589285714285714,0.0705134152123079,0.0705134152123079,0.08841515621626349
ODISHA,SRP(CUTTACK),2011,2012,0.0199714693295292,0.0028810633631898,0.0028810633631898,0.0170904059663394
ODISHA,SRP(ROURKELA),2011,2012,0.0351648351648351,0.0344736392747571,0.0344736392747571,0.000691195890078003
ODISHA,SUNDARGARH,2011,2012,0.1203501094091903,0.0221327848450048,0.0221327848450048,0.0982173245641855
PUDUCHERRY,KARAIKAL,2011,2012,0.0139593908629441,-0.0421230630544323,0.0,0.0139593908629441
PUDUCHERRY,PUDUCHERRY,2011,2012,0.0108726752503576,0.0463226673320969,0.0463226673320969,0.0354499920817393
PUNJAB,BARNALA,2011,2012,0.0783744557329463,0.0335547058112691,0.0335547058112691,0.0448197499216772
PUNJAB,BATALA,2011,2012,0.0791015625,0.1173314653349005,0.1173314653349005,0.038229902834900506
PUNJAB,BHATINDA,2011,2012,0.093870789618995,0.0948731631213778,0.0948731631213778,0.001002373502382789
PUNJAB,CP AMRITSAR,2011,2012,0.1033078880407124,0.0852406939789059,0.0852406939789059,0.018067194061806513
PUNJAB,CP JALANDHAR,2011,2012,0.1206592113007651,0.0768577589512132,0.0768577589512132,0.04380145234955189
PUNJAB,CP LUDHIANA,2011,2012,0.12426614481409,0.0784431776522788,0.0784431776522788,0.045822967161811196
PUNJAB,FARIDKOT,2011,2012,0.0971502590673575,0.0616594670213504,0.0616594670213504,0.035490792046007094
PUNJAB,FATEHGARH SAHIB,2011,2012,0.0677083333333333,0.0375363208569238,0.0375363208569238,0.0301720124764095
PUNJAB,FAZILKA,2011,2012,0.1152647975077881,0.1103763484202065,0.1103763484202065,0.004888449087581612
PUNJAB,FEROZPUR,2011,2012,0.0699755899104963,0.1079077578927139,0.1079077578927139,0.0379321679822176
PUNJAB,G.R.P,2011,2012,0.0055555555555555,0.0014104677521284,0.0014104677521284,0.0041450878034271004
PUNJAB,GURDASPUR,2011,2012,0.1391200951248513,0.1100890939018213,0.1100890939018213,0.029031001223029998
PUNJAB,HOSHIARPUR,2011,2012,0.1020282728948985,0.1102520019488788,0.1102520019488788,0.008223729053980292
PUNJAB,KAPURTHALA,2011,2012,0.0823278921220724,0.0932501112799647,0.0932501112799647,0.010922219157892307
PUNJAB,KHANNA,2011,2012,0.059880239520958,0.0634129185812303,0.0634129185812303,0.003532679060272298
PUNJAB,MANSA,2011,2012,0.1136712749615975,0.1085492114518572,0.1085492114518572,0.005122063509740302
PUNJAB,MOGA,2011,2012,0.0737207285342584,0.088899752250797,0.088899752250797,0.015179023716538606
PUNJAB,MUKTSAR,2011,2012,0.1192214111922141,0.1059622857966682,0.1059622857966682,0.013259125395545898
PUNJAB,PATHANKOT,2011,2012,0.1268498942917547,0.1013523640883332,0.1013523640883332,0.025497530203421492
PUNJAB,PATIALA,2011,2012,0.0797329143754909,0.0919198485087254,0.0919198485087254,0.01218693413323449
PUNJAB,ROPAR,2011,2012,0.0667267808836789,0.0725499904328397,0.0725499904328397,0.00582320954916081
PUNJAB,SANGRUR,2011,2012,0.0698669201520912,0.0937490150272288,0.0937490150272288,0.023882094875137594
PUNJAB,SAS NGR,2011,2012,0.0993788819875776,0.0804059893713716,0.0804059893713716,0.018972892616206008
PUNJAB,SBS NAGAR,2011,2012,0.0936170212765957,0.0346597272358178,0.0346597272358178,0.0589572940407779
PUNJAB,TARN TARAN,2011,2012,0.0867620751341681,0.1154283917735786,0.1154283917735786,0.028666316639410494
RAJASTHAN,AJMER,2011,2012,0.1419630590749503,0.2218595798109076,0.2218595798109076,0.0798965207359573
RAJASTHAN,ALWAR,2011,2012,0.101239323396416,0.1508512992527363,0.1508512992527363,0.049611975856320295
RAJASTHAN,BANSWARA,2011,2012,0.160187185025198,0.1664839766616409,0.1664839766616409,0.006296791636442894
RAJASTHAN,BARAN,2011,2012,0.1834862385321101,0.1431066124759814,0.1431066124759814,0.040379626056128715
RAJASTHAN,BARMER,2011,2012,0.0993324432576769,0.09024625765841,0.09024625765841,0.009086185599266897
RAJASTHAN,BHARATPUR,2011,2012,0.1127683615819209,0.1774008091483728,0.1774008091483728,0.06463244756645191
RAJASTHAN,BHILWARA,2011,2012,0.1744993870044953,0.1544191732717712,0.1544191732717712,0.02008021373272409
RAJASTHAN,BIKANER,2011,2012,0.1545414462081129,0.1422432280179121,0.1422432280179121,0.0122982181902008
RAJASTHAN,BUNDI,2011,2012,0.16768,0.1455746357325941,0.1455746357325941,0.02210536426740589
RAJASTHAN,CHITTORGARH,2011,2012,0.1899339558187201,0.1550703143829908,0.1550703143829908,0.034863641435729315
RAJASTHAN,CHURU,2011,2012,0.1527942925089179,0.1200383416597209,0.1200383416597209,0.03275595084919701
RAJASTHAN,DAUSA,2011,2012,0.0635045080360642,0.0596982806721091,0.0596982806721091,0.0038062273639550975
RAJASTHAN,DHOLPUR,2011,2012,0.0949197860962566,0.1339289047332115,0.1339289047332115,0.0390091186369549
RAJASTHAN,DUNGARPUR,2011,2012,0.1468834688346883,0.1544477889348323,0.1544477889348323,0.00756432010014399
RAJASTHAN,G.R.P.AJMER,2011,2012,0.0329531051964512,0.0263423939421451,0.0263423939421451,0.006610711254306099
RAJASTHAN,G.R.P.JODHPUR,2011,2012,0.0378787878787878,0.0461668983362133,0.0461668983362133,0.008288110457425502
RAJASTHAN,GANGANAGAR,2011,2012,0.1915991156963891,0.239937279211115,0.239937279211115,0.04833816351472589
RAJASTHAN,HANUMANGARH,2011,2012,0.1794997547817557,0.16571224140282,0.16571224140282,0.01378751337893569
RAJASTHAN,JAIPUR EAST,2011,2012,0.0528876333961079,0.0681402326730082,0.0681402326730082,0.0152525992769003
RAJASTHAN,JAIPUR NORTH,2011,2012,0.1389172625127681,0.0593328967607711,0.0593328967607711,0.07958436575199698
RAJASTHAN,JAIPUR RURAL,2011,2012,0.0862351868732907,0.0841945351608149,0.0841945351608149,0.002040651712475791
RAJASTHAN,JAIPUR SOUTH,2011,2012,0.071446352999751,0.055447575095343,0.055447575095343,0.01599877790440799
RAJASTHAN,JAIPUR WEST,2011,2012,0.0722253734165248,0.045162430931361,0.045162430931361,0.027062942485163798
RAJASTHAN,JAISALMER,2011,2012,0.0628183361629881,0.0201309642507437,0.0201309642507437,0.04268737191224439
RAJASTHAN,JALORE,2011,2012,0.101975010076582,0.1180935952542553,0.1180935952542553,0.01611858517767331
RAJASTHAN,JHALAWAR,2011,2012,0.2154899894625922,0.1682918764532077,0.1682918764532077,0.04719811300938451
RAJASTHAN,JHUNJHUNU,2011,2012,0.1183757742601514,0.107513914175148,0.107513914175148,0.010861860085003408
RAJASTHAN,JODHPUR RURAL,2011,2012,0.0799569738257439,0.0968895626653451,0.0968895626653451,0.016932588839601193
RAJASTHAN,KARAULI,2011,2012,0.0802279701885138,0.0884664812759872,0.0884664812759872,0.008238511087473407
RAJASTHAN,KOTA CITY,2011,2012,0.1593254467656682,0.1169062561397418,0.1169062561397418,0.0424191906259264
RAJASTHAN,KOTA RURAL,2011,2012,0.1732418524871355,0.1401964173030794,0.1401964173030794,0.03304543518405609
RAJASTHAN,NAGAUR,2011,2012,0.1500333407423872,0.1407226718431476,0.1407226718431476,0.009310668899239594
RAJASTHAN,PALI,2011,2012,0.1310786106032906,0.1433027935388346,0.1433027935388346,0.012224182935544003
RAJASTHAN,PRATAPGARH,2011,2012,0.2219644238205723,0.2147229494208712,0.2147229494208712,0.007241474399701103
RAJASTHAN,RAJSAMAND,2011,2012,0.1577868852459016,0.1296176641859829,0.1296176641859829,0.028169221059918703
RAJASTHAN,SAWAI MADHOPUR,2011,2012,0.0917385943279901,0.0888007161553245,0.0888007161553245,0.002937878172665595
RAJASTHAN,SIKAR,2011,2012,0.0880686695278969,0.0644463516318592,0.0644463516318592,0.023622317896037692
RAJASTHAN,SIROHI,2011,2012,0.1872050340849501,0.1554752805674893,0.1554752805674893,0.031729753517460796
RAJASTHAN,TONK,2011,2012,0.1317661614599443,0.1075433336179985,0.1075433336179985,0.024222827841945793
RAJASTHAN,UDAIPUR,2011,2012,0.127864746399499,0.1386371533857432,0.1386371533857432,0.01077240698624421
SIKKIM,EAST,2011,2012,0.1380952380952381,0.0925383232075504,0.0925383232075504,0.045556914887687705
SIKKIM,NORTH,2011,2012,0.0,9.876476800904645e-05,9.876476800904645e-05,9.876476800904645e-05
SIKKIM,SOUTH,2011,2012,0.1325301204819277,0.0691820466249858,0.0691820466249858,0.0633480738569419
SIKKIM,WEST,2011,2012,0.1370967741935483,0.0964058209290295,0.0964058209290295,0.0406909532645188
TAMIL NADU,ARIYALUR,2011,2012,0.0503829101168883,0.0411078035275389,0.0411078035275389,0.0092751065893494
TAMIL NADU,CHENNAI,2011,2012,0.0332461522985615,-0.0142222984700575,0.0,0.0332461522985615
TAMIL NADU,CHENNAI RLY.,2011,2012,0.0161001788908765,0.0079131146433708,0.0079131146433708,0.0081870642475057
TAMIL NADU,COIMBATORE RURAL,2011,2012,0.0268943855516293,0.0658092982164487,0.0658092982164487,0.03891491266481939
TAMIL NADU,COIMBATORE URBAN,2011,2012,0.0165089785672909,0.0807762161991382,0.0807762161991382,0.0642672376318473
TAMIL NADU,CUDDALORE,2011,2012,0.0288894778690697,0.0086919272064941,0.0086919272064941,0.0201975506625756
TAMIL NADU,DHARMAPURI,2011,2012,0.0641196900881645,0.0717708250486267,0.0717708250486267,0.0076511349604622
TAMIL NADU,DINDIGUL,2011,2012,0.043768793852322,0.0990793632554895,0.0990793632554895,0.055310569403167496
TAMIL NADU,ERODE,2011,2012,0.0223382045929018,0.04113037725886,0.04113037725886,0.018792172665958198
TAMIL NADU,KANCHIPURAM,2011,2012,0.0092028354682253,0.0394688384678289,0.0394688384678289,0.0302660029996036
TAMIL NADU,KANYAKUMARI,2011,2012,0.0332571191020577,0.1120495440497933,0.1120495440497933,0.0787924249477356
TAMIL NADU,KARUR,2011,2012,0.038301415487094,0.0462508532042187,0.0462508532042187,0.007949437717124697
TAMIL NADU,KRISHNAGIRI,2011,2012,0.0345484870145341,0.0806733574838529,0.0806733574838529,0.046124870469318804
TAMIL NADU,MADURAI RURAL,2011,2012,0.0430885359333228,0.1063807586138329,0.1063807586138329,0.0632922226805101
TAMIL NADU,MADURAI URBAN,2011,2012,0.0542611894543225,0.0979606496779367,0.0979606496779367,0.043699460223614206
TAMIL NADU,NAGAPATTINAM,2011,2012,0.0313235986811116,0.032476128835305,0.032476128835305,0.0011525301541934
TAMIL NADU,NAMAKKAL,2011,2012,0.030213706705969,0.0227925086514417,0.0227925086514417,0.0074211980545273
TAMIL NADU,NILGIRIS,2011,2012,0.0353327855382087,-0.0125417543158175,0.0,0.0353327855382087
TAMIL NADU,PERAMBALUR,2011,2012,0.0425824175824175,0.0215651335751626,0.0215651335751626,0.021017284007254902
TAMIL NADU,PUDUKOTTAI,2011,2012,0.0321349029589564,0.0329740600036954,0.0329740600036954,0.0008391570447389973
TAMIL NADU,RAMNATHAPURAM,2011,2012,0.0247887323943661,0.0338467779363787,0.0338467779363787,0.009058045542012599
TAMIL NADU,SALEM RURAL,2011,2012,0.04006734006734,0.0693792356228112,0.0693792356228112,0.0293118955554712
TAMIL NADU,SALEM URBAN,2011,2012,0.0377682403433476,0.0270089008255135,0.0270089008255135,0.010759339517834102
TAMIL NADU,SIVAGANGAI,2011,2012,0.0419560989163656,0.0394030086661412,0.0394030086661412,0.0025530902502243977
TAMIL NADU,THANJAVUR,2011,2012,0.0259357500736811,0.0266151851512865,0.0266151851512865,0.0006794350776054003
TAMIL NADU,THENI,2011,2012,0.0428935775562253,0.099610948311841,0.099610948311841,0.056717370755615705
TAMIL NADU,THIRUNELVELI RURAL,2011,2012,0.0468698060941828,0.096782433035806,0.096782433035806,0.0499126269416232
TAMIL NADU,THIRUNELVELI URBAN,2011,2012,0.0317812269031781,0.027623050030339,0.027623050030339,0.004158176872839099
TAMIL NADU,THIRUVALLUR,2011,2012,0.0181564245810055,-0.0175441495591887,0.0,0.0181564245810055
TAMIL NADU,THIRUVANNAMALAI,2011,2012,0.0264615384615384,0.0433990682492179,0.0433990682492179,0.0169375297876795
TAMIL NADU,THIRUVARUR,2011,2012,0.0168316831683168,-0.0200629353951519,0.0,0.0168316831683168
TAMIL NADU,THOOTHUGUDI,2011,2012,0.0223474178403755,0.0711175833020682,0.0711175833020682,0.0487701654616927
TAMIL NADU,TIRUPPUR,2011,2012,0.0275294451539662,0.0710275542656344,0.0710275542656344,0.043498109111668196
TAMIL NADU,TRICHY RLY.,2011,2012,0.0184331797235023,0.0378756604446643,0.0378756604446643,0.019442480721161996
TAMIL NADU,TRICHY RURAL,2011,2012,0.0229603209986625,0.0636836942736875,0.0636836942736875,0.040723373275025
TAMIL NADU,TRICHY URBAN,2011,2012,0.0355312606764605,0.0304958090187094,0.0304958090187094,0.0050354516577511
TAMIL NADU,VELLORE,2011,2012,0.0268447672156659,0.0659760328323595,0.0659760328323595,0.039131265616693604
TAMIL NADU,VILLUPURAM,2011,2012,0.0554019261943358,0.0507671412789451,0.0507671412789451,0.004634784915390704
TAMIL NADU,VIRUDHUNAGAR,2011,2012,0.0443233424159854,0.0937125363645793,0.0937125363645793,0.049389193948593896
TRIPURA,DHALAI,2011,2012,0.3085585585585585,0.1976190072652364,0.1976190072652364,0.11093955129332211
TRIPURA,GRP,2011,2012,0.0,-0.0210853403068318,0.0,0.0
TRIPURA,NORTH,2011,2012,0.3592057761732852,0.2802494537690203,0.2802494537690203,0.07895632240426492
TRIPURA,SOUTH,2011,2012,0.2412903225806451,0.1913963754136843,0.1913963754136843,0.0498939471669608
TRIPURA,WEST,2011,2012,0.2415770609318996,0.2042841690158661,0.2042841690158661,0.037292891916033494
UTTAR PRADESH,AGRA,2011,2012,0.0983869244738809,0.1368838192991159,0.1368838192991159,0.038496894825234995
UTTAR PRADESH,ALIGARH,2011,2012,0.1381091785775788,0.185163011159752,0.185163011159752,0.047053832582173216
UTTAR PRADESH,ALLAHABAD,2011,2012,0.1038311180609851,0.1326321488319726,0.1326321488319726,0.0288010307709875
UTTAR PRADESH,AMBEDKAR NAGAR,2011,2012,0.1443894389438944,0.1603788863863569,0.1603788863863569,0.0159894474424625
UTTAR PRADESH,AURAIYA,2011,2012,0.1515151515151515,0.1377122728436761,0.1377122728436761,0.013802878671475394
UTTAR PRADESH,AZAMGARH,2011,2012,0.1286652078774617,0.1080340106370693,0.1080340106370693,0.02063119724039239
UTTAR PRADESH,BADAUN,2011,2012,0.1146572104018912,0.1154057644100642,0.1154057644100642,0.0007485540081730024
UTTAR PRADESH,BAGHPAT,2011,2012,0.1402946828955797,0.1236543402272526,0.1236543402272526,0.016640342668327104
UTTAR PRADESH,BAHRAICH,2011,2012,0.0898734177215189,0.1020382438491765,0.1020382438491765,0.012164826127657596
UTTAR PRADESH,BALLIA,2011,2012,0.1225124378109452,0.1196977760100589,0.1196977760100589,0.002814661800886298
UTTAR PRADESH,BALRAMPUR,2011,2012,0.1550255536626916,0.1449283054733202,0.1449283054733202,0.01009724818937141
UTTAR PRADESH,BANDA,2011,2012,0.1755102040816326,0.1196616420783703,0.1196616420783703,0.0558485620032623
UTTAR PRADESH,BARABANKI,2011,2012,0.1645207439198855,0.1362816228885478,0.1362816228885478,0.02823912103133769
UTTAR PRADESH,BAREILLY,2011,2012,0.1170395869191049,0.1112078415367721,0.1112078415367721,0.005831745382332804
UTTAR PRADESH,BASTI,2011,2012,0.141357027463651,0.1008304879612311,0.1008304879612311,0.0405265395024199
UTTAR PRADESH,BHIM NAGAR,2011,2012,0.1237597911227154,0.1216520060183913,0.1216520060183913,0.002107785104324106
UTTAR PRADESH,BIJNOR,2011,2012,0.167899646188485,0.203235858690475,0.203235858690475,0.03533621250199001
UTTAR PRADESH,BULANDSHAHAR,2011,2012,0.1831223628691983,0.1239088988140655,0.1239088988140655,0.05921346405513281
UTTAR PRADESH,CHANDOLI,2011,2012,0.1139846743295019,0.1175955353700538,0.1175955353700538,0.003610861040551888
UTTAR PRADESH,CHITRAKOOT DHAM,2011,2012,0.1971830985915492,0.139685992379474,0.139685992379474,0.05749710621207521
UTTAR PRADESH,CSM NAGAR,2011,2012,0.1648063033486539,0.191931439555731,0.191931439555731,0.0271251362070771
UTTAR PRADESH,DEORIA,2011,2012,0.1133379405666897,0.1205156953327717,0.1205156953327717,0.007177754766082012
UTTAR PRADESH,ETAH,2011,2012,0.1271769947347104,0.1338488732402281,0.1338488732402281,0.006671878505517703
UTTAR PRADESH,ETAWAH,2011,2012,0.0871306960440661,0.1173422204309633,0.1173422204309633,0.0302115243868972
UTTAR PRADESH,FAIZABAD,2011,2012,0.100350569675723,0.1177627797179187,0.1177627797179187,0.01741221004219569
UTTAR PRADESH,FATEHGARH,2011,2012,0.1640770665009322,0.139017492685943,0.139017492685943,0.025059573814989217
UTTAR PRADESH,FATEHPUR,2011,2012,0.1463074779377612,0.1369792216598883,0.1369792216598883,0.009328256277872898
UTTAR PRADESH,FIROZABAD,2011,2012,0.1362608976428802,0.1010070012733665,0.1010070012733665,0.03525389636951372
UTTAR PRADESH,G.R.P.,2011,2012,0.0197628458498023,0.0343598113466927,0.0343598113466927,0.0145969654968904
UTTAR PRADESH,GAUTAMBUDH NAGAR,2011,2012,0.0577153110047846,0.0494437364585505,0.0494437364585505,0.008271574546234103
UTTAR PRADESH,GHAZIABAD,2011,2012,0.0887937951323883,0.0729538186827339,0.0729538186827339,0.015839976449654403
UTTAR PRADESH,GHAZIPUR,2011,2012,0.1243885394828791,0.1353482569216586,0.1353482569216586,0.010959717438779507
UTTAR PRADESH,GONDA,2011,2012,0.0935339568930459,0.0735462591002147,0.0735462591002147,0.019987697792831202
UTTAR PRADESH,GORAKHPUR,2011,2012,0.1251638269986894,0.1165723909117469,0.1165723909117469,0.008591436086942489
UTTAR PRADESH,HAMIRPUR,2011,2012,0.1802120141342756,0.1635238672655059,0.1635238672655059,0.016688146868769682
UTTAR PRADESH,HARDOI,2011,2012,0.1177644710578842,0.122788328017343,0.122788328017343,0.005023856959458797
UTTAR PRADESH,HATHRAS,2011,2012,0.1405985319028797,0.1384653924321535,0.1384653924321535,0.0021331394707261864
UTTAR PRADESH,J.P.NAGAR,2011,2012,0.1424242424242424,0.1504235433564488,0.1504235433564488,0.00799930093220641
UTTAR PRADESH,JALAUN,2011,2012,0.1562258313998453,0.1185501536145943,0.1185501536145943,0.03767567778525101
UTTAR PRADESH,JAUNPUR,2011,2012,0.1393307734503565,0.1426694995220379,0.1426694995220379,0.003338726071681397
UTTAR PRADESH,JHANSI,2011,2012,0.1056023797719385,0.0916573402891035,0.0916573402891035,0.013945039482835
UTTAR PRADESH,KANNAUJ,2011,2012,0.1579881656804733,0.1280133856742879,0.1280133856742879,0.029974780006185392
UTTAR PRADESH,KANPUR NAGAR,2011,2012,0.1219546944009118,0.1576844816355622,0.1576844816355622,0.035729787234650395
UTTAR PRADESH,KANSHIRAM NAGAR,2011,2012,0.152135231316726,0.1640839975399068,0.1640839975399068,0.011948766223180807
UTTAR PRADESH,KAUSHAMBI,2011,2012,0.1243284727551803,0.1243294307794368,0.1243294307794368,9.580242564949382e-07
UTTAR PRADESH,KHIRI,2011,2012,0.1312542837559972,0.1273700527111097,0.1273700527111097,0.0038842310448874984
UTTAR PRADESH,KUSHI NAGAR,2011,2012,0.1212477928193054,0.1125980053117651,0.1125980053117651,0.008649787507540294
UTTAR PRADESH,LALITPUR,2011,2012,0.1232091690544412,0.1604937596614129,0.1604937596614129,0.037284590606971715
UTTAR PRADESH,LUCKNOW,2011,2012,0.0942800433056658,0.1659366676999176,0.1659366676999176,0.0716566243942518
UTTAR PRADESH,MAHARAJGANJ,2011,2012,0.1219672131147541,0.1698462687537731,0.1698462687537731,0.047879055639018994
UTTAR PRADESH,MAHOBA,2011,2012,0.1969696969696969,0.1588513387630413,0.1588513387630413,0.0381183582066556
UTTAR PRADESH,MAINPURI,2011,2012,0.1353602665556018,0.1156301827996419,0.1156301827996419,0.019730083755959887
UTTAR PRADESH,MATHURA,2011,2012,0.1216490200495607,0.1039205815069091,0.1039205815069091,0.017728438542651603
UTTAR PRADESH,MAU,2011,2012,0.146484375,0.1393520744139426,0.1393520744139426,0.007132300586057405
UTTAR PRADESH,MEERUT,2011,2012,0.1182216656230432,0.1190169301070912,0.1190169301070912,0.000795264484048
UTTAR PRADESH,MIRZAPUR,2011,2012,0.086340206185567,0.049899090532938,0.049899090532938,0.036441115652628996
UTTAR PRADESH,MORADABAD,2011,2012,0.1522036682179031,0.0948857468038726,0.0948857468038726,0.0573179214140305
UTTAR PRADESH,MUZAFFARNAGAR,2011,2012,0.1407427341227126,0.0765102587209105,0.0765102587209105,0.0642324754018021
UTTAR PRADESH,PANCHSHIL NAGAR,2011,2012,0.0990939977349943,0.0796299012953774,0.0796299012953774,0.0194640964396169
UTTAR PRADESH,PILIBHIT,2011,2012,0.0844579886808881,0.1099066604532732,0.1099066604532732,0.025448671772385106
UTTAR PRADESH,PRABUDDH NAGAR,2011,2012,0.119779353821907,0.1147875680832619,0.1147875680832619,0.004991785738645102
UTTAR PRADESH,PRATAPGARH,2011,2012,0.1278131634819533,0.1548176673380186,0.1548176673380186,0.027004503856065315
UTTAR PRADESH,RAIBAREILLY,2011,2012,0.1414084507042253,0.1374817084068355,0.1374817084068355,0.003926742297389818
UTTAR PRADESH,RAMABAI NAGAR,2011,2012,0.1181727904667328,0.1521140551936179,0.1521140551936179,0.03394126472688509
UTTAR PRADESH,RAMPUR,2011,2012,0.1462488129154796,0.0747458437643897,0.0747458437643897,0.07150296915108989
UTTAR PRADESH,SAHARANPUR,2011,2012,0.0850998463901689,0.0925672666564776,0.0925672666564776,0.0074674202663087
UTTAR PRADESH,SANT KABIRNAGAR,2011,2012,0.1289009497964721,0.1671420940565646,0.1671420940565646,0.03824114426009251
UTTAR PRADESH,SHAHJAHANPUR,2011,2012,0.1249525256361564,0.1065211610199353,0.1065211610199353,0.018431364616221094
UTTAR PRADESH,SHRAWASTI,2011,2012,0.1859205776173285,0.1691312237548575,0.1691312237548575,0.01678935386247099
UTTAR PRADESH,SIDHARTHNAGAR,2011,2012,0.1779661016949152,0.1416340223582605,0.1416340223582605,0.03633207933665469
UTTAR PRADESH,SITAPUR,2011,2012,0.1648318952692651,0.1603104978608285,0.1603104978608285,0.0045213974084366
UTTAR PRADESH,SONBHADRA,2011,2012,0.1197339246119734,0.0893462926728478,0.0893462926728478,0.030387631939125595
UTTAR PRADESH,ST.RAVIDASNAGAR,2011,2012,0.1027837259100642,0.1108265375782739,0.1108265375782739,0.008042811668209707
UTTAR PRADESH,SULTANPUR,2011,2012,0.1212952799121844,0.1252552700395613,0.1252552700395613,0.003959990127376897
UTTAR PRADESH,UNNAO,2011,2012,0.1821907600596125,0.1326091865998773,0.1326091865998773,0.049581573459735184
UTTAR PRADESH,VARANASI,2011,2012,0.1032890940565493,0.071245808582836,0.071245808582836,0.03204328547371331
UTTARAKHAND,ALMORA,2011,2012,0.1456953642384106,0.1665115596981731,0.1665115596981731,0.020816195459762515
UTTARAKHAND,BAGESHWAR,2011,2012,0.2666666666666666,0.2693424824750723,0.2693424824750723,0.0026758158084057015
UTTARAKHAND,CHAMOLI,2011,2012,0.12,0.0723309752699899,0.0723309752699899,0.0476690247300101
UTTARAKHAND,CHAMPAWAT,2011,2012,0.0930232558139534,0.1242247130894119,0.1242247130894119,0.03120145727545849
UTTARAKHAND,DEHRADUN,2011,2012,0.1164383561643835,0.0972421390277084,0.0972421390277084,0.019196217136675103
UTTARAKHAND,HARIDWAR,2011,2012,0.1174445294567712,0.0850017875144011,0.0850017875144011,0.032442741942370096
UTTARAKHAND,NAINITAL,2011,2012,0.1309041835357624,0.0958680136130187,0.0958680136130187,0.03503616992274369
UTTARAKHAND,PAURI GARHWAL,2011,2012,0.0778210116731517,0.115785306388217,0.115785306388217,0.03796429471506531
UTTARAKHAND,PITHORAGARH,2011,2012,0.0865384615384615,0.2218375973668497,0.2218375973668497,0.1352991358283882
UTTARAKHAND,RUDRA PRAYAG,2011,2012,0.1696428571428571,0.2357787094145287,0.2357787094145287,0.0661358522716716
UTTARAKHAND,TEHRI GARHWAL,2011,2012,0.0784313725490196,0.08882277882377,0.08882277882377,0.010391406274750395
UTTARAKHAND,UDHAMSINGH NAGAR,2011,2012,0.1352051835853131,0.0953288104344488,0.0953288104344488,0.039876373150864314
UTTARAKHAND,UTTARKASHI,2011,2012,0.1232876712328767,0.1490982417730342,0.1490982417730342,0.025810570540157507
WEST BENGAL,24 PARGANAS NORTH,2011,2012,0.2336392996770355,0.2498713401056715,0.2498713401056715,0.01623204042863599
WEST BENGAL,24 PARGANAS SOUTH,2011,2012,0.1709693132001948,0.2139231066860442,0.2139231066860442,0.042953793485849406
WEST BENGAL,ASANSOL,2011,2012,0.1033863519753719,0.1568028012170661,0.1568028012170661,0.05341644924169421
WEST BENGAL,BANKURA,2011,2012,0.1663646248640811,0.1404239838517183,0.1404239838517183,0.025940641012362792
WEST BENGAL,BIRBHUM,2011,2012,0.1556420233463035,0.1665109936500353,0.1665109936500353,0.010868970303731795
WEST BENGAL,BURDWAN,2011,2012,0.1242780748663101,0.160173756353697,0.160173756353697,0.03589568148738689
WEST BENGAL,COOCHBEHAR,2011,2012,0.274914089347079,0.18917649937843,0.18917649937843,0.085737589968649
WEST BENGAL,DAKSHIN DINAJPUR,2011,2012,0.2399119589141599,0.174443970721166,0.174443970721166,0.0654679881929939
WEST BENGAL,DARJEELING,2011,2012,0.1403174603174603,0.1300221828547997,0.1300221828547997,0.010295277462660624
WEST BENGAL,HOOGHLY,2011,2012,0.2428904428904429,0.1914259190329145,0.1914259190329145,0.051464523857528394
WEST BENGAL,HOWRAH,2011,2012,0.2405138339920948,0.1401866924263053,0.1401866924263053,0.10032714156578951
WEST BENGAL,HOWRAH CITY,2011,2012,0.1856941508104299,0.1083014747187547,0.1083014747187547,0.07739267609167519
WEST BENGAL,HOWRAH G.R.P.,2011,2012,0.024,0.0087751162459283,0.0087751162459283,0.0152248837540717
WEST BENGAL,JALPAIGURI,2011,2012,0.2948359196133299,0.1968503753169979,0.1968503753169979,0.097985544296332
WEST BENGAL,KHARAGPUR G.R.P.,2011,2012,0.06,-0.021368639474405,0.0,0.06
WEST BENGAL,KOLKATA,2011,2012,0.0825745930392968,0.0422548123151274,0.0422548123151274,0.040319780724169405
WEST BENGAL,MALDA,2011,2012,0.2292812777284827,0.2292534351209532,0.2292534351209532,2.7842607529499075e-05
WEST BENGAL,MURSHIDABAD,2011,2012,0.3398615699229196,0.3386422787358552,0.3386422787358552,0.0012192911870644307
WEST BENGAL,NADIA,2011,2012,0.2164429530201342,0.2399937554666547,0.2399937554666547,0.023550802446520497
WEST BENGAL,PASCHIM MIDNAPUR,2011,2012,0.2255548890221955,0.2131826023316736,0.2131826023316736,0.0123722866905219
WEST BENGAL,PURAB MIDNAPUR,2011,2012,0.1772380570052187,0.1976523638075664,0.1976523638075664,0.02041430680234771
WEST BENGAL,PURULIA,2011,2012,0.2041259500542888,0.1478171985586026,0.1478171985586026,0.056308751495686205
WEST BENGAL,SEALDAH G.R.P.,2011,2012,0.0364741641337386,0.0335355032647963,0.0335355032647963,0.0029386608689423027
WEST BENGAL,SILIGURI G.R.P.,2011,2012,0.0522088353413654,0.0252478815505352,0.0252478815505352,0.026960953790830203
WEST BENGAL,UTTAR DINAJPUR,2011,2012,0.2273163245731824,0.176884279658194,0.176884279658194,0.0504320449149884
