STATE_UT,DISTRICT,YEAR,TARGET_YEAR,PREDICTED_WOMEN_CRIME_SHARE_CLIPPED,PREDICTED_RISK_BAND
Andhra Pradesh,CUDDAPAH,2013,2014,0.0935994449882871,HIGH
Andhra Pradesh,CYBERABAD,2013,2014,0.0948992982555709,HIGH
Andhra Pradesh,GUNTUR URBAN,2013,2014,0.0853320029616584,MEDIUM
Andhra Pradesh,HYDERABAD CITY,2013,2014,0.1085898680143999,HIGH
Andhra Pradesh,NELLORE,2013,2014,0.0901323358872348,HIGH
Andhra Pradesh,PRAKASHAM,2013,2014,0.1201379462495439,HIGH
Andhra Pradesh,RAJAHMUNDRY,2013,2014,0.1249597673664213,HIGH
Andhra Pradesh,TIRUPATHI URBAN,2013,2014,0.0791609167201288,MEDIUM
Andhra Pradesh,VIJAYAWADA CITY,2013,2014,0.1358646648150541,HIGH
Andhra Pradesh,VISAKHA RURAL,2013,2014,0.1167513710976508,HIGH
Andhra Pradesh,VISAKHAPATNAM,2013,2014,0.0761957985474184,MEDIUM
Andhra Pradesh,WARANGAL URBAN,2013,2014,0.0909486550661868,HIGH
Arunachal Pradesh,ANJAW,2013,2014,0.011592893146515,LOW
Arunachal Pradesh,CHANGLANG,2013,2014,0.0425510551026933,LOW
Arunachal Pradesh,DIBANG VALLEY,2013,2014,0.006427281569701,LOW
Arunachal Pradesh,KAMENG EAST,2013,2014,0.0543820449042102,MEDIUM
Arunachal Pradesh,KAMENG WEST,2013,2014,0.0126970690567718,LOW
Arunachal Pradesh,LOHIT,2013,2014,0.0690196304609018,MEDIUM
Arunachal Pradesh,LONGDING,2013,2014,0.0418273914481319,LOW
Arunachal Pradesh,SIANG EAST,2013,2014,0.0795449219023554,MEDIUM
Arunachal Pradesh,SIANG UPPER,2013,2014,0.0360180972571286,LOW
Arunachal Pradesh,SIANG WEST,2013,2014,0.083113588117955,MEDIUM
Arunachal Pradesh,SUBANSIRI LOWER,2013,2014,0.0675797667978217,MEDIUM
Arunachal Pradesh,SUBANSIRI UPPER,2013,2014,0.0751688004526884,MEDIUM
Arunachal Pradesh,TAWANG,2013,2014,0.147061213146779,HIGH
Arunachal Pradesh,TIRAP,2013,2014,0.0395515322899642,LOW
Assam,GUWAHATI CITY,2013,2014,0.0694064713422919,MEDIUM
Assam,MORIGAON,2013,2014,0.1922836169933164,HIGH
Assam,SIBSAGAR,2013,2014,0.1068736608719704,HIGH
Bihar,BAGAHA,2013,2014,0.0630566879762868,MEDIUM
Bihar,BETTIAH,2013,2014,0.0744248355696954,MEDIUM
Bihar,BHABHUA,2013,2014,0.0845800237586702,MEDIUM
Bihar,MOTIHARI,2013,2014,0.060985002687447,MEDIUM
Bihar,NAUGACHIA,2013,2014,0.1003729285548702,HIGH
Bihar,NAWADAH,2013,2014,0.0998366710545484,HIGH
Bihar,PURNEA,2013,2014,0.0452118488847561,LOW
Chhattisgarh,BIZAPUR,2013,2014,0.0653539028053005,MEDIUM
Chhattisgarh,DANTEWARA,2013,2014,0.0285816458778229,LOW
Chhattisgarh,JAGDALPUR,2013,2014,0.0806572559030713,MEDIUM
Chhattisgarh,JANJGIR,2013,2014,0.1119136635854134,HIGH
Chhattisgarh,KORIYA,2013,2014,0.1254078269111376,HIGH
Chhattisgarh,SARGUJA,2013,2014,0.108839212048801,HIGH
D&N Haveli,D&N HAVELI,2013,2014,0.0076065557918398,LOW
Daman & Diu,DAMAN,2013,2014,0.0597040294821,MEDIUM
Daman & Diu,DIU,2013,2014,0.0462245006682751,LOW
Delhi UT,CENTRAL,2013,2014,0.0393432546692993,LOW
Delhi UT,CRIME BRANCH,2013,2014,0.0559769964772358,MEDIUM
Delhi UT,EAST,2013,2014,0.0504407644147677,LOW
Delhi UT,EOW,2013,2014,0.0412331679722031,LOW
Delhi UT,IGI AIRPORT,2013,2014,0.040227976671362,LOW
Delhi UT,NEW DELHI,2013,2014,0.0772210288173924,MEDIUM
Delhi UT,NORTH,2013,2014,0.0520127969570525,MEDIUM
Delhi UT,NORTH-EAST,2013,2014,0.0757257047578023,MEDIUM
Delhi UT,NORTH-WEST,2013,2014,0.0831513510248329,MEDIUM
Delhi UT,OUTER,2013,2014,0.0572593048008529,MEDIUM
Delhi UT,SOUTH,2013,2014,0.0452925816547222,LOW
Delhi UT,SOUTH-EAST,2013,2014,0.0685976910497048,MEDIUM
Delhi UT,SOUTH-WEST,2013,2014,0.1292684514803157,HIGH
Delhi UT,WEST,2013,2014,0.0936375265707754,HIGH
Gujarat,AHMEDABAD RURAL,2013,2014,0.0756652106155486,MEDIUM
Gujarat,DAHOD,2013,2014,0.0365616402644322,LOW
Gujarat,MEHSANA,2013,2014,0.0680182540391187,MEDIUM
Gujarat,PANCHMAHAL,2013,2014,0.0903162545330233,HIGH
Gujarat,RAJKOT RURAL,2013,2014,0.1133092582048449,HIGH
Gujarat,SURAT RURAL,2013,2014,0.0684546999248583,MEDIUM
Gujarat,VADODARA RURAL,2013,2014,0.0725781417006403,MEDIUM
Gujarat,W.RLY AHMEDABAD,2013,2014,0.0285537124221251,LOW
Gujarat,W.RLY VADODARA,2013,2014,0.031470839238908,LOW
Haryana,GURGAON,2013,2014,0.067990915549325,MEDIUM
Haryana,HISSAR,2013,2014,0.093334251859227,HIGH
Haryana,MEWAT,2013,2014,0.1396334568842634,HIGH
Jammu & Kashmir,AWANTIPORA,2013,2014,0.0953009213889346,HIGH
Jammu & Kashmir,CRIME JAMMU,2013,2014,0.0456780677555117,LOW
Jammu & Kashmir,CRIME SRINAGAR,2013,2014,0.0564375567395403,MEDIUM
Jammu & Kashmir,HANDWARA,2013,2014,0.1426799217737924,HIGH
Jammu & Kashmir,KARGIL,2013,2014,0.0346291458435972,LOW
Jammu & Kashmir,LEH,2013,2014,0.0403261281222826,LOW
Jammu & Kashmir,RAILWAYS JAMMU,2013,2014,0.0236664679376106,LOW
Jammu & Kashmir,RAILWAYS KASHMIR,2013,2014,0.1547903226878746,HIGH
Jammu & Kashmir,RAILWAYS KATRA,2013,2014,0.0225942835763264,LOW
Jammu & Kashmir,SOPORE,2013,2014,0.1248896613684651,HIGH
Jharkhand,CHAIBASA,2013,2014,0.1549031433192682,HIGH
Jharkhand,JAMSHEDPUR,2013,2014,0.0954606714997099,HIGH
Jharkhand,LOHARDAGGA,2013,2014,0.1333456400353385,HIGH
Jharkhand,SARAIKELA,2013,2014,0.093987693230561,HIGH
Karnataka,BAGALKOT,2013,2014,0.0906911436929307,HIGH
Karnataka,CHAMARAJNAGAR,2013,2014,0.0890406145526456,HIGH
Karnataka,DAVANAGERE,2013,2014,0.0973918783572445,HIGH
Karnataka,K.G.F.,2013,2014,0.088480335858067,HIGH
Karnataka,RAMANAGAR,2013,2014,0.0604564835253016,MEDIUM
Karnataka,SHIMOGA,2013,2014,0.11077313680631,HIGH
Karnataka,YADGIRI,2013,2014,0.1565908862317344,HIGH
Kerala,ALAPUZHA,2013,2014,0.0785618711338445,MEDIUM
Kerala,ERNAKULAM COMMR.,2013,2014,0.0402738538214053,LOW
Kerala,ERNAKULAM RURAL,2013,2014,0.0588260744512199,MEDIUM
Kerala,KASARGOD,2013,2014,0.1049949147616062,HIGH
Kerala,KOLLAM COMMR.,2013,2014,0.0909236013859329,HIGH
Kerala,KOLLAM RURAL,2013,2014,0.0941945118140894,HIGH
Kerala,KOZHIKODE COMMR.,2013,2014,0.0900850879550334,HIGH
Kerala,KOZHIKODE RURAL,2013,2014,0.1019954554054665,HIGH
Kerala,RAILWAYS,2013,2014,0.1113328387314227,HIGH
Kerala,THRISSUR COMMR.,2013,2014,0.0593929289978036,MEDIUM
Kerala,THRISSUR RURAL,2013,2014,0.0619203729645023,MEDIUM
Kerala,TRIVANDRUM COMMR.,2013,2014,0.0601103254394119,MEDIUM
Kerala,TRIVANDRUM RURAL,2013,2014,0.1101091895583026,HIGH
Kerala,WAYANADU,2013,2014,0.1015213610180383,HIGH
Lakshadweep,LAKSHADWEEP,2013,2014,0.0712356668310236,MEDIUM
Madhya Pradesh,AGAR,2013,2014,0.074960830545814,MEDIUM
Madhya Pradesh,ASHOK NAGAR,2013,2014,0.0930973734225746,HIGH
Madhya Pradesh,HOSHANGABAD,2013,2014,0.0699479128342035,MEDIUM
Madhya Pradesh,KHANDWA,2013,2014,0.0860652496941598,HIGH
Maharashtra,AMRAVATI COMMR.,2013,2014,0.0612632617204427,MEDIUM
Maharashtra,AMRAVATI RURAL,2013,2014,0.0848668976336328,MEDIUM
Maharashtra,AURANGABAD COMMR.,2013,2014,0.0834154932396786,MEDIUM
Maharashtra,AURANGABAD RURAL,2013,2014,0.1076248064184299,HIGH
Maharashtra,MUMBAI COMMR.,2013,2014,0.0579599680658533,MEDIUM
Maharashtra,NAGPUR COMMR.,2013,2014,0.0612621209204833,MEDIUM
Maharashtra,NAGPUR RURAL,2013,2014,0.0708820550610924,MEDIUM
Maharashtra,NASIK COMMR.,2013,2014,0.0671723199569258,MEDIUM
Maharashtra,NASIK RURAL,2013,2014,0.1155228969770207,HIGH
Maharashtra,NAVI MUMBAI,2013,2014,0.0701788526046571,MEDIUM
Maharashtra,PUNE COMMR.,2013,2014,0.0758748510143705,MEDIUM
Maharashtra,PUNE RURAL,2013,2014,0.0901082347248818,HIGH
Maharashtra,SOLAPUR COMMR.,2013,2014,0.0841135428988069,MEDIUM
Maharashtra,SOLAPUR RURAL,2013,2014,0.0856946123857882,HIGH
Maharashtra,THANE COMMR.,2013,2014,0.0884374506721614,HIGH
Maharashtra,THANE RURAL,2013,2014,0.1024426556358848,HIGH
Meghalaya,GARO HILLS EAST,2013,2014,0.055333930444904,MEDIUM
Meghalaya,GARO HILLS NORTH,2013,2014,0.0,LOW
Meghalaya,GARO HILLS SOUTH,2013,2014,0.062651342357485,MEDIUM
Meghalaya,GARO HILLS WEST,2013,2014,0.0836733275331995,MEDIUM
Meghalaya,JAINTIA HILLS EAST,2013,2014,0.012030072822293,LOW
Meghalaya,JAINTIA HILLS WEST,2013,2014,0.0373780227876083,LOW
Meghalaya,KHASI HILLS EAST,2013,2014,0.0,LOW
Meghalaya,KHASI HILLS WEST,2013,2014,0.1210237852997353,HIGH
Odisha,ANGUL,2013,2014,0.0968447102228908,HIGH
Odisha,BALASORE,2013,2014,0.1686420088315559,HIGH
Odisha,BARAGARH,2013,2014,0.1566456941378093,HIGH
Odisha,BERHAMPUR,2013,2014,0.1306592697946216,HIGH
Odisha,BOLANGIR,2013,2014,0.0955082999913032,HIGH
Odisha,DCP BBSR,2013,2014,0.0453980625450414,LOW
Odisha,DCP CTC,2013,2014,0.0870303128149758,HIGH
Odisha,JAGATSINGHPUR,2013,2014,0.1298674378201114,HIGH
Odisha,JAJPUR,2013,2014,0.1468313236417573,HIGH
Odisha,KEONJHAR,2013,2014,0.2044625009176586,HIGH
Odisha,KHURDA,2013,2014,0.1257637157483289,HIGH
Odisha,ROURKELA,2013,2014,0.0943257534400119,HIGH
Puducherry,PUDUCHERRY,2013,2014,0.033436656658887,LOW
Punjab,AMRITSAR RURAL,2013,2014,0.0378030344993562,LOW
Punjab,BATALA,2013,2014,0.0880549231894407,HIGH
Punjab,CP AMRITSAR,2013,2014,0.0555315571362571,MEDIUM
Punjab,CP JALANDHAR,2013,2014,0.093964267676357,HIGH
Punjab,CP LUDHIANA,2013,2014,0.0633639926764944,MEDIUM
Punjab,JALANDHAR RURAL,2013,2014,0.0641187784514742,MEDIUM
Punjab,KHANNA,2013,2014,0.0655972238297566,MEDIUM
Punjab,LUDHIANA RURAL,2013,2014,0.0416751387941063,LOW
Punjab,MUKTSAR,2013,2014,0.0850301836727511,MEDIUM
Punjab,ROPAR,2013,2014,0.0350788731549884,LOW
Punjab,SBS NAGAR,2013,2014,0.0937927396429516,HIGH
Rajasthan,G.R.P.AJMER,2013,2014,0.0366973684561189,LOW
Rajasthan,G.R.P.JODHPUR,2013,2014,0.0336132033957825,LOW
Rajasthan,JAIPUR EAST,2013,2014,0.0632843717316491,MEDIUM
Rajasthan,JAIPUR NORTH,2013,2014,0.1015502588291299,HIGH
Rajasthan,JAIPUR RURAL,2013,2014,0.0626694464863832,MEDIUM
Rajasthan,JAIPUR SOUTH,2013,2014,0.0542198961590842,MEDIUM
Rajasthan,JAIPUR WEST,2013,2014,0.0434161766661007,LOW
Rajasthan,JODHPUR EAST,2013,2014,0.0283423449327686,LOW
Rajasthan,JODHPUR RURAL,2013,2014,0.0384467498340599,LOW
Rajasthan,JODHPUR WEST,2013,2014,0.0134606642952606,LOW
Rajasthan,KOTA CITY,2013,2014,0.0726243882471651,MEDIUM
Rajasthan,KOTA RURAL,2013,2014,0.1310118463017049,HIGH
Sikkim,EAST,2013,2014,0.073102281853808,MEDIUM
Sikkim,NORTH,2013,2014,0.0634550350056188,MEDIUM
Sikkim,SOUTH,2013,2014,0.09222651761541,HIGH
Sikkim,WEST,2013,2014,0.0963112245081931,HIGH
Tamil Nadu,KANYAKUMARI,2013,2014,0.0,LOW
Tamil Nadu,NILGIRIS,2013,2014,0.0472222406434867,LOW
Tamil Nadu,PUDUKOTTAI,2013,2014,0.0359677074118012,LOW
Tamil Nadu,RAMNATHAPURAM,2013,2014,0.021154231717462,LOW
Tamil Nadu,SIVAGANGAI,2013,2014,0.04928798208949,LOW
Tamil Nadu,THIRUVANNAMALAI,2013,2014,0.0423056234375793,LOW
Tamil Nadu,THOOTHUGUDI,2013,2014,0.0,LOW
Tripura,NORTH,2013,2014,0.2441355990767222,HIGH
Tripura,SIPAHIJALA,2013,2014,0.1866639371686973,HIGH
Tripura,SOUTH,2013,2014,0.1907203099324534,HIGH
Tripura,WEST,2013,2014,0.1606498309758863,HIGH
Uttar Pradesh,ALLAHABAD,2013,2014,0.0967898644625309,HIGH
Uttar Pradesh,BADAUN,2013,2014,0.1043755603074048,HIGH
Uttar Pradesh,BULANDSHAHAR,2013,2014,0.1151226774314098,HIGH
Uttar Pradesh,CHANDOLI,2013,2014,0.1102170524543681,HIGH
Uttar Pradesh,FAIZABAD,2013,2014,0.0776941681850986,MEDIUM
Uttar Pradesh,FATEHGARH,2013,2014,0.0854207487920974,HIGH
Uttar Pradesh,GAUTAMBUDH NAGAR,2013,2014,0.0645854371808896,MEDIUM
Uttar Pradesh,KHIRI,2013,2014,0.1081385512644474,HIGH
Uttar Pradesh,RAIBAREILLY,2013,2014,0.1060437685682644,HIGH
Uttar Pradesh,SANT KABIRNAGAR,2013,2014,0.0954650421261591,HIGH
Uttar Pradesh,SHRAWASTI,2013,2014,0.1251530600260453,HIGH
Uttar Pradesh,SIDHARTHNAGAR,2013,2014,0.1135167368256249,HIGH
Uttar Pradesh,ST.RAVIDASNAGAR,2013,2014,0.1076646161041468,HIGH
Uttarakhand,UDHAMSINGH NAGAR,2013,2014,0.1196714315480507,HIGH
Uttarakhand,UTTARKASHI,2013,2014,0.1012321996168681,HIGH
West Bengal,BURDWAN,2013,2014,0.1395923847000959,HIGH
West Bengal,DAKSHIN DINAJPUR,2013,2014,0.1480758605884646,HIGH
West Bengal,MALDA,2013,2014,0.167088451549384,HIGH
West Bengal,UTTAR DINAJPUR,2013,2014,0.162473490705979,HIGH
