state_name,district,STATE_UT,DISTRICT,YEAR,TARGET_YEAR,PREDICTED_WOMEN_CRIME_SHARE_CLIPPED,PREDICTED_RISK_BAND,TOTAL_IPC,GIS_EXACT_MATCH
Madhya Pradesh,Anuppur,Madhya Pradesh,ANUPPUR,2013,2014,0.1249453426116191,HIGH,1860,True
Madhya Pradesh,Balaghat,Madhya Pradesh,BALAGHAT,2013,2014,0.1087080547399439,HIGH,2871,True
Madhya Pradesh,Harda,Madhya Pradesh,HARDA,2013,2014,0.0839264915513184,MEDIUM,1100,True
Madhya Pradesh,Indore,Madhya Pradesh,INDORE,2013,2014,0.0342743720151419,LOW,22249,True
Madhya Pradesh,Jabalpur,Madhya Pradesh,JABALPUR,2013,2014,0.0647694401048768,MEDIUM,10790,True
Madhya Pradesh,Jhabua,Madhya Pradesh,JHABUA,2013,2014,0.0568128830832621,MEDIUM,2498,True
Madhya Pradesh,Katni,Madhya Pradesh,KATNI,2013,2014,0.0917155187222051,HIGH,3803,True
Madhya Pradesh,Mandla,Madhya Pradesh,MANDLA,2013,2014,0.1080767734696281,HIGH,1906,True
Rajasthan,Jaisalmer,Rajasthan,JAISALMER,2013,2014,0.0627127961786671,MEDIUM,1434,True
Rajasthan,Jalore,Rajasthan,JALORE,2013,2014,0.0920070590452952,HIGH,2593,True
Rajasthan,Jhalawar,Rajasthan,JHALAWAR,2013,2014,0.1718153045914847,HIGH,4133,True
Rajasthan,Jhunjhunu,Rajasthan,JHUNJHUNU,2013,2014,0.0996059148524979,HIGH,4752,True
Rajasthan,Karauli,Rajasthan,KARAULI,2013,2014,0.0178408205873823,LOW,4636,True
Rajasthan,Nagaur,Rajasthan,NAGAUR,2013,2014,0.0602270440535279,MEDIUM,5186,True
Rajasthan,Pali,Rajasthan,PALI,2013,2014,0.0503938788694371,LOW,6152,True
Rajasthan,Rajsamand,Rajasthan,RAJSAMAND,2013,2014,0.1340064892676282,HIGH,2571,True
Rajasthan,Sawai Madhopur,Rajasthan,SAWAI MADHOPUR,2013,2014,0.0155905440173158,LOW,4077,True
Uttar Pradesh,Sitapur,Uttar Pradesh,SITAPUR,2013,2014,0.1119726662499347,HIGH,3934,True
Uttar Pradesh,Sonbhadra,Uttar Pradesh,SONBHADRA,2013,2014,0.0983883618376937,HIGH,779,True
Uttar Pradesh,Sultanpur,Uttar Pradesh,SULTANPUR,2013,2014,0.110397508906965,HIGH,2284,True
Uttar Pradesh,Unnao,Uttar Pradesh,UNNAO,2013,2014,0.1318177573732641,HIGH,2825,True
Uttar Pradesh,Varanasi,Uttar Pradesh,VARANASI,2013,2014,0.1256981947308106,HIGH,5077,True
Uttar Pradesh,Kasganj,Uttar Pradesh,KASGANJ,2013,2014,0.0883031608437876,HIGH,1339,True
Uttar Pradesh,Amethi,Uttar Pradesh,AMETHI,2013,2014,0.1020332595815121,HIGH,1666,True
Uttar Pradesh,Sambhal,Uttar Pradesh,SAMBHAL,2013,2014,0.1175122824041368,HIGH,2284,True
Uttar Pradesh,Shamli,Uttar Pradesh,SHAMLI,2013,2014,0.1285118051587959,HIGH,1410,True
Uttar Pradesh,Hapur,Uttar Pradesh,HAPUR,2013,2014,0.1097387370228177,HIGH,1839,True
West Bengal,Bankura,West Bengal,BANKURA,2013,2014,0.1659204391250968,HIGH,2494,True
West Bengal,Birbhum,West Bengal,BIRBHUM,2013,2014,0.1556690877729794,HIGH,2882,True
West Bengal,Coochbehar,West Bengal,COOCHBEHAR,2013,2014,0.1825197902751953,HIGH,4437,True
West Bengal,Darjeeling,West Bengal,DARJEELING,2013,2014,0.1278672936056624,HIGH,1943,True
Andhra Pradesh,Anantapur,Andhra Pradesh,ANANTAPUR,2013,2014,0.073122767740182,MEDIUM,6913,True
Andhra Pradesh,Chittoor,Andhra Pradesh,CHITTOOR,2013,2014,0.1090077120137722,HIGH,5610,True
Andhra Pradesh,East Godavari,Andhra Pradesh,EAST GODAVARI,2013,2014,0.1360634660374786,HIGH,6779,True
Andhra Pradesh,Guntur,Andhra Pradesh,GUNTUR,2013,2014,0.1231827897785551,HIGH,7026,True
Andhra Pradesh,Krishna,Andhra Pradesh,KRISHNA,2013,2014,0.1281356746522151,HIGH,6876,True
Andhra Pradesh,Kurnool,Andhra Pradesh,KURNOOL,2013,2014,0.090709584141267,HIGH,7595,True
Andhra Pradesh,Srikakulam,Andhra Pradesh,SRIKAKULAM,2013,2014,0.103194489130624,HIGH,4841,True
Andhra Pradesh,Vizianagaram,Andhra Pradesh,VIZIANAGARAM,2013,2014,0.1164088650199504,HIGH,4918,True
Andhra Pradesh,West Godavari,Andhra Pradesh,WEST GODAVARI,2013,2014,0.1255455887559848,HIGH,8498,True
Bihar,Araria,Bihar,ARARIA,2013,2014,0.0545674148175565,MEDIUM,2813,True
Bihar,Aurangabad,Bihar,AURANGABAD,2013,2014,0.0763731474067783,MEDIUM,3648,True
Bihar,Banka,Bihar,BANKA,2013,2014,0.0960085952652478,HIGH,2065,True
Bihar,Begusarai,Bihar,BEGUSARAI,2013,2014,0.0594882377861638,MEDIUM,5319,True
Bihar,Bhagalpur,Bihar,BHAGALPUR,2013,2014,0.0892013298648295,HIGH,3590,True
Bihar,Bhojpur,Bihar,BHOJPUR,2013,2014,0.075360124414624,MEDIUM,4888,True
Bihar,Buxar,Bihar,BUXAR,2013,2014,0.0662244392022886,MEDIUM,2833,True
Bihar,Darbhanga,Bihar,DARBHANGA,2013,2014,0.1030434021053439,HIGH,5674,True
Bihar,Gaya,Bihar,GAYA,2013,2014,0.0841676430639084,MEDIUM,7816,True
Bihar,Gopalganj,Bihar,GOPALGANJ,2013,2014,0.1110689662749295,HIGH,3811,True
Bihar,Jamui,Bihar,JAMUI,2013,2014,0.1082753673757623,HIGH,1942,True
Bihar,Jehanabad,Bihar,JEHANABAD,2013,2014,0.0861978468832462,HIGH,1976,True
Bihar,Katihar,Bihar,KATIHAR,2013,2014,0.102864542496343,HIGH,3693,True
Assam,Barpeta,Assam,BARPETA,2013,2014,0.1574277085069384,HIGH,8597,True
Assam,Bongaigaon,Assam,BONGAIGAON,2013,2014,0.1104272207552996,HIGH,1565,True
Assam,Cachar,Assam,CACHAR,2013,2014,0.1326454288917078,HIGH,4880,True
Assam,Darrang,Assam,DARRANG,2013,2014,0.2299122726136262,HIGH,2459,True
Assam,Dhemaji,Assam,DHEMAJI,2013,2014,0.1264269877012098,HIGH,1397,True
Assam,Dhubri,Assam,DHUBRI,2013,2014,0.2198266580264858,HIGH,6857,True
Assam,Dibrugarh,Assam,DIBRUGARH,2013,2014,0.100772081817462,HIGH,3529,True
Assam,Goalpara,Assam,GOALPARA,2013,2014,0.1756944739455777,HIGH,2322,True
Assam,Golaghat,Assam,GOLAGHAT,2013,2014,0.1354426256726186,HIGH,2844,True
Assam,Hailakandi,Assam,HAILAKANDI,2013,2014,0.1555607062438271,HIGH,1414,True
Assam,Jorhat,Assam,JORHAT,2013,2014,0.1217756706747807,HIGH,3478,True
Assam,Kamrup,Assam,KAMRUP,2013,2014,0.1334892285084536,HIGH,3310,True
Assam,Karbi Anglong,Assam,KARBI ANGLONG,2013,2014,0.0758596195926288,MEDIUM,637,True
Assam,Karimganj,Assam,KARIMGANJ,2013,2014,0.1331010951737654,HIGH,2411,True
Assam,Kokrajhar,Assam,KOKRAJHAR,2013,2014,0.1168484029631728,HIGH,1448,True
Assam,Lakhimpur,Assam,LAKHIMPUR,2013,2014,0.1564093215379161,HIGH,2281,True
Assam,Nagaon,Assam,NAGAON,2013,2014,0.1827156026331324,HIGH,7393,True
Assam,Nalbari,Assam,NALBARI,2013,2014,0.1272933831218112,HIGH,2050,True
Assam,Sonitpur,Assam,SONITPUR,2013,2014,0.1012559200616836,HIGH,4159,True
Assam,Tinsukia,Assam,TINSUKIA,2013,2014,0.0002672005262327,LOW,3104,True
Assam,Chirang,Assam,CHIRANG,2013,2014,0.1477932882820967,HIGH,763,True
Assam,Udalguri,Assam,UDALGURI,2013,2014,0.1145202903341002,HIGH,1113,True
Bihar,Khagaria,Bihar,KHAGARIA,2013,2014,0.0523832576056493,MEDIUM,2483,True
Bihar,Kishanganj,Bihar,KISHANGANJ,2013,2014,0.1041844683611772,HIGH,1828,True
Bihar,Lakhisarai,Bihar,LAKHISARAI,2013,2014,0.0984389221370649,HIGH,1326,True
Bihar,Madhepura,Bihar,MADHEPURA,2013,2014,0.0755016335673859,MEDIUM,2745,True
Bihar,Madhubani,Bihar,MADHUBANI,2013,2014,0.0972396277075462,HIGH,4662,True
Bihar,Munger,Bihar,MUNGER,2013,2014,0.0645068579427901,MEDIUM,2195,True
Bihar,Muzaffarpur,Bihar,MUZAFFARPUR,2013,2014,0.0533076717206044,MEDIUM,9021,True
Bihar,Nalanda,Bihar,NALANDA,2013,2014,0.0877470130529631,HIGH,5740,True
Bihar,Patna,Bihar,PATNA,2013,2014,0.0692212149773838,MEDIUM,18302,True
Bihar,Rohtas,Bihar,ROHTAS,2013,2014,0.0849016462102569,MEDIUM,4769,True
Bihar,Saharsa,Bihar,SAHARSA,2013,2014,0.0691623504909217,MEDIUM,2792,True
Bihar,Samastipur,Bihar,SAMASTIPUR,2013,2014,0.0682006106708728,MEDIUM,5802,True
Bihar,Saran,Bihar,SARAN,2013,2014,0.0695987448316175,MEDIUM,5492,True
Bihar,Sheikhpura,Bihar,SHEIKHPURA,2013,2014,0.0773103774925247,MEDIUM,1116,True
Bihar,Sheohar,Bihar,SHEOHAR,2013,2014,0.0682685748535776,MEDIUM,769,True
Bihar,Sitamarhi,Bihar,SITAMARHI,2013,2014,0.0752701580366037,MEDIUM,5324,True
Bihar,Siwan,Bihar,SIWAN,2013,2014,0.0685889669679384,MEDIUM,5390,True
Bihar,Supaul,Bihar,SUPAUL,2013,2014,0.1036856037467417,HIGH,2930,True
Bihar,Vaishali,Bihar,VAISHALI,2013,2014,0.0851931126142575,MEDIUM,5578,True
Bihar,Arwal,Bihar,ARWAL,2013,2014,0.0814511649675979,MEDIUM,909,True
Chhattisgarh,Bilaspur,Chhattisgarh,BILASPUR,2013,2014,0.1048706462227018,HIGH,5147,True
Chhattisgarh,Dhamtari,Chhattisgarh,DHAMTARI,2013,2014,0.0905474199420426,HIGH,1189,True
Chhattisgarh,Durg,Chhattisgarh,DURG,2013,2014,0.0530087570528239,MEDIUM,6892,True
Chhattisgarh,Jashpur,Chhattisgarh,JASHPUR,2013,2014,0.1125492136578374,HIGH,1273,True
Chhattisgarh,Kanker,Chhattisgarh,KANKER,2013,2014,0.0925109912548991,HIGH,1132,True
Chhattisgarh,Kabirdham,Chhattisgarh,KABIRDHAM,2013,2014,0.0895770592070321,HIGH,1383,True
Chhattisgarh,Korba,Chhattisgarh,KORBA,2013,2014,0.0921445610937483,HIGH,2214,True
Chhattisgarh,Mahasamund,Chhattisgarh,MAHASAMUND,2013,2014,0.0771329278466852,MEDIUM,2396,True
Chhattisgarh,Raigarh,Chhattisgarh,RAIGARH,2013,2014,0.0890263135855364,HIGH,3350,True
Chhattisgarh,Raipur,Chhattisgarh,RAIPUR,2013,2014,0.0551839313271445,MEDIUM,8907,True
Chhattisgarh,Rajnandgaon,Chhattisgarh,RAJNANDGAON,2013,2014,0.0544822039171906,MEDIUM,2866,True
Chhattisgarh,Narayanpur,Chhattisgarh,NARAYANPUR,2013,2014,0.0663977152619297,MEDIUM,189,True
Chhattisgarh,Sukma,Chhattisgarh,SUKMA,2013,2014,0.047004765083132,LOW,213,True
Chhattisgarh,Kondagaon,Chhattisgarh,KONDAGAON,2013,2014,0.0796931914053986,MEDIUM,619,True
Chhattisgarh,Gariyaband,Chhattisgarh,GARIYABAND,2013,2014,0.0860037645285858,HIGH,866,True
Chhattisgarh,Balod,Chhattisgarh,BALOD,2013,2014,0.0816315077106553,MEDIUM,1215,True
Chhattisgarh,Surajpur,Chhattisgarh,SURAJPUR,2013,2014,0.1162591535198431,HIGH,1646,True
Chhattisgarh,Balrampur,Chhattisgarh,BALRAMPUR,2013,2014,0.1385293709967443,HIGH,1115,True
Chandigarh,Chandigarh,Chandigarh,CHANDIGARH,2013,2014,0.0652800210531852,MEDIUM,4077,True
Goa,North Goa,Goa,NORTH GOA,2013,2014,0.0724065472629094,MEDIUM,2595,True
Goa,South Goa,Goa,SOUTH GOA,2013,2014,0.0703588501178715,MEDIUM,1717,True
Gujarat,Amreli,Gujarat,AMRELI,2013,2014,0.0962894970784746,HIGH,2229,True
Gujarat,Anand,Gujarat,ANAND,2013,2014,0.0795716050117307,MEDIUM,2816,True
Gujarat,Bharuch,Gujarat,BHARUCH,2013,2014,0.049082475952362,LOW,2756,True
Gujarat,Bhavnagar,Gujarat,BHAVNAGAR,2013,2014,0.0723877593151927,MEDIUM,4410,True
Gujarat,Gandhinagar,Gujarat,GANDHINAGAR,2013,2014,0.0616438643677399,MEDIUM,6933,True
Gujarat,Jamnagar,Gujarat,JAMNAGAR,2013,2014,0.1384252968424435,HIGH,4247,True
Gujarat,Junagadh,Gujarat,JUNAGADH,2013,2014,0.1418564462742553,HIGH,4099,True
Gujarat,Narmada,Gujarat,NARMADA,2013,2014,0.0530363805322851,MEDIUM,727,True
Gujarat,Navsari,Gujarat,NAVSARI,2013,2014,0.0722553180845595,MEDIUM,1737,True
Gujarat,Patan,Gujarat,PATAN,2013,2014,0.0745389862193464,MEDIUM,3677,True
Gujarat,Porbandar,Gujarat,PORBANDAR,2013,2014,0.1166583449672005,HIGH,838,True
Gujarat,Surendranagar,Gujarat,SURENDRANAGAR,2013,2014,0.0829539723846382,MEDIUM,2822,True
Gujarat,Valsad,Gujarat,VALSAD,2013,2014,0.0378858760233258,LOW,2713,True
Gujarat,Tapi,Gujarat,TAPI,2013,2014,0.0398094249775995,LOW,822,True
Himachal Pradesh,Bilaspur,Himachal Pradesh,BILASPUR,2013,2014,0.0785834991245424,MEDIUM,1131,True
Himachal Pradesh,Chamba,Himachal Pradesh,CHAMBA,2013,2014,0.0874124763001107,HIGH,694,True
Himachal Pradesh,Hamirpur,Himachal Pradesh,HAMIRPUR,2013,2014,0.0979331839156729,HIGH,873,True
Himachal Pradesh,Kangra,Himachal Pradesh,KANGRA,2013,2014,0.0787205938525674,MEDIUM,2884,True
Himachal Pradesh,Kinnaur,Himachal Pradesh,KINNAUR,2013,2014,0.1046196141228124,HIGH,173,True
Himachal Pradesh,Kullu,Himachal Pradesh,KULLU,2013,2014,0.0841774912024904,MEDIUM,1009,True
Himachal Pradesh,Mandi,Himachal Pradesh,MANDI,2013,2014,0.0750505450877072,MEDIUM,1831,True
Himachal Pradesh,Shimla,Himachal Pradesh,SHIMLA,2013,2014,0.0785419789227235,MEDIUM,1652,True
Himachal Pradesh,Sirmaur,Himachal Pradesh,SIRMAUR,2013,2014,0.1071459819099247,HIGH,814,True
Himachal Pradesh,Solan,Himachal Pradesh,SOLAN,2013,2014,0.0759721439928513,MEDIUM,885,True
Himachal Pradesh,Una,Himachal Pradesh,UNA,2013,2014,0.1097195340450782,HIGH,1076,True
Haryana,Bhiwani,Haryana,BHIWANI,2013,2014,0.089265752303939,HIGH,3877,True
Haryana,Faridabad,Haryana,FARIDABAD,2013,2014,0.0986707852453265,HIGH,5264,True
Haryana,Fatehabad,Haryana,FATEHABAD,2013,2014,0.1355515496831942,HIGH,1974,True
Haryana,Jhajjar,Haryana,JHAJJAR,2013,2014,0.0957047730413565,HIGH,2028,True
Haryana,Jind,Haryana,JIND,2013,2014,0.0997258542901293,HIGH,2923,True
Haryana,Kaithal,Haryana,KAITHAL,2013,2014,0.074331154653892,MEDIUM,1805,True
Haryana,Karnal,Haryana,KARNAL,2013,2014,0.0941473544761721,HIGH,4302,True
Haryana,Kurukshetra,Haryana,KURUKSHETRA,2013,2014,0.0309518355470375,LOW,2635,True
Haryana,Panchkula,Haryana,PANCHKULA,2013,2014,0.0678064098081507,MEDIUM,1790,True
Haryana,Panipat,Haryana,PANIPAT,2013,2014,0.0802309656429913,MEDIUM,3299,True
Haryana,Rewari,Haryana,REWARI,2013,2014,0.0945155744500227,HIGH,2703,True
Haryana,Rohtak,Haryana,ROHTAK,2013,2014,0.0980780071925921,HIGH,3103,True
Haryana,Sirsa,Haryana,SIRSA,2013,2014,0.1015225223893396,HIGH,2825,True
Haryana,Sonipat,Haryana,SONIPAT,2013,2014,0.0450708742065317,LOW,3570,True
Haryana,Yamunanagar,Haryana,YAMUNANAGAR,2013,2014,0.0593278278787197,MEDIUM,2541,True
Haryana,Palwal,Haryana,PALWAL,2013,2014,0.1307823659265794,HIGH,2747,True
Jharkhand,Bokaro,Jharkhand,BOKARO,2013,2014,0.108859636673438,HIGH,3634,True
Jharkhand,Chatra,Jharkhand,CHATRA,2013,2014,0.0798009683271574,MEDIUM,1062,True
Jharkhand,Deoghar,Jharkhand,DEOGHAR,2013,2014,0.1691004557946571,HIGH,2394,True
Jharkhand,Dhanbad,Jharkhand,DHANBAD,2013,2014,0.0731447465018548,MEDIUM,4768,True
Jharkhand,Dumka,Jharkhand,DUMKA,2013,2014,0.0919927288870299,HIGH,1817,True
Jharkhand,Garhwa,Jharkhand,GARHWA,2013,2014,0.1252398163338612,HIGH,2688,True
Jharkhand,Giridih,Jharkhand,GIRIDIH,2013,2014,0.1220301716197,HIGH,4378,True
Jharkhand,Godda,Jharkhand,GODDA,2013,2014,0.0624784574321723,MEDIUM,1800,True
Jharkhand,Gumla,Jharkhand,GUMLA,2013,2014,0.1050304660345504,HIGH,929,True
Jharkhand,Hazaribagh,Jharkhand,HAZARIBAGH,2013,2014,0.0909216007760649,HIGH,2719,True
Jharkhand,Jamtara,Jharkhand,JAMTARA,2013,2014,0.1660021868427976,HIGH,1255,True
Jharkhand,Koderma,Jharkhand,KODERMA,2013,2014,0.0807621127435369,MEDIUM,1736,True
Jharkhand,Latehar,Jharkhand,LATEHAR,2013,2014,0.103242693762249,HIGH,698,True
Jharkhand,Pakur,Jharkhand,PAKUR,2013,2014,0.1871649575542393,HIGH,1139,True
Jharkhand,Palamu,Jharkhand,PALAMU,2013,2014,0.0706722753709472,MEDIUM,2228,True
Jharkhand,Ranchi,Jharkhand,RANCHI,2013,2014,0.0676636905627547,MEDIUM,2860,True
Jharkhand,Sahebganj,Jharkhand,SAHEBGANJ,2013,2014,0.1467816989224617,HIGH,1938,True
Jharkhand,Simdega,Jharkhand,SIMDEGA,2013,2014,0.0947048980149121,HIGH,513,True
Jharkhand,Khunti,Jharkhand,KHUNTI,2013,2014,0.0916927778565239,HIGH,382,True
Jharkhand,Ramgarh,Jharkhand,RAMGARH,2013,2014,0.1020148909127074,HIGH,1213,True
Jammu & Kashmir,Anantnag,Jammu & Kashmir,ANANTNAG,2013,2014,0.1185796410263877,HIGH,1426,True
Jammu & Kashmir,Budgam,Jammu & Kashmir,BUDGAM,2013,2014,0.0525679952919604,MEDIUM,1218,True
Jammu & Kashmir,Baramulla,Jammu & Kashmir,BARAMULLA,2013,2014,0.1135827473088271,HIGH,1457,True
Jammu & Kashmir,Doda,Jammu & Kashmir,DODA,2013,2014,0.1061217346363123,HIGH,874,True
Jammu & Kashmir,Jammu,Jammu & Kashmir,JAMMU,2013,2014,0.0505340290984663,LOW,4547,True
Jammu & Kashmir,Kathua,Jammu & Kashmir,KATHUA,2013,2014,0.0696094943585963,MEDIUM,1178,True
Jammu & Kashmir,Kupwara,Jammu & Kashmir,KUPWARA,2013,2014,0.1011863650338769,HIGH,790,True
Jammu & Kashmir,Poonch,Jammu & Kashmir,POONCH,2013,2014,0.1044614588730057,HIGH,806,True
Jammu & Kashmir,Pulwama,Jammu & Kashmir,PULWAMA,2013,2014,0.1052721609883222,HIGH,429,True
Jammu & Kashmir,Rajouri,Jammu & Kashmir,RAJOURI,2013,2014,0.0764707958264254,MEDIUM,1814,True
Jammu & Kashmir,Srinagar,Jammu & Kashmir,SRINAGAR,2013,2014,0.1281012353981852,HIGH,2792,True
Jammu & Kashmir,Udhampur,Jammu & Kashmir,UDHAMPUR,2013,2014,0.0658620821924189,MEDIUM,1140,True
Jammu & Kashmir,Kishtwar,Jammu & Kashmir,KISHTWAR,2013,2014,0.0868834767999844,HIGH,391,True
Jammu & Kashmir,Ramban,Jammu & Kashmir,RAMBAN,2013,2014,0.042897680703392,LOW,737,True
Jammu & Kashmir,Kulgam,Jammu & Kashmir,KULGAM,2013,2014,0.1556654638990282,HIGH,941,True
Jammu & Kashmir,Bandipora,Jammu & Kashmir,BANDIPORA,2013,2014,0.1025582707791785,HIGH,653,True
Jammu & Kashmir,Samba,Jammu & Kashmir,SAMBA,2013,2014,0.0642963419713866,MEDIUM,777,True
Jammu & Kashmir,Shopian,Jammu & Kashmir,SHOPIAN,2013,2014,0.0865255994491762,HIGH,387,True
Jammu & Kashmir,Ganderbal,Jammu & Kashmir,GANDERBAL,2013,2014,0.1174629144206862,HIGH,553,True
Jammu & Kashmir,Reasi,Jammu & Kashmir,REASI,2013,2014,0.070288248599249,MEDIUM,704,True
Karnataka,Bidar,Karnataka,BIDAR,2013,2014,0.0798377310769511,MEDIUM,3963,True
Karnataka,Chitradurga,Karnataka,CHITRADURGA,2013,2014,0.0809896336253233,MEDIUM,3970,True
Karnataka,Gadag,Karnataka,GADAG,2013,2014,0.1016212135542617,HIGH,1092,True
Karnataka,Hassan,Karnataka,HASSAN,2013,2014,0.0872902959714154,HIGH,5433,True
Karnataka,Haveri,Karnataka,HAVERI,2013,2014,0.0914907618989973,HIGH,2157,True
Karnataka,Kodagu,Karnataka,KODAGU,2013,2014,0.0792960058131073,MEDIUM,1707,True
Karnataka,Kolar,Karnataka,KOLAR,2013,2014,0.0534087392991808,MEDIUM,2275,True
Karnataka,Koppal,Karnataka,KOPPAL,2013,2014,0.098080992041561,HIGH,1732,True
Karnataka,Mandya,Karnataka,MANDYA,2013,2014,0.083842623399734,MEDIUM,5544,True
Karnataka,Raichur,Karnataka,RAICHUR,2013,2014,0.1281451776176909,HIGH,3062,True
Karnataka,Udupi,Karnataka,UDUPI,2013,2014,0.0813665479969374,MEDIUM,2667,True
Kerala,Idukki,Kerala,IDUKKI,2013,2014,0.0898513477851581,HIGH,5101,True
Kerala,Kannur,Kerala,KANNUR,2013,2014,0.1078272104301605,HIGH,6899,True
Kerala,Kottayam,Kerala,KOTTAYAM,2013,2014,0.0626605936853097,MEDIUM,12314,True
Kerala,Malappuram,Kerala,MALAPPURAM,2013,2014,0.0843001338964428,MEDIUM,17840,True
Kerala,Palakkad,Kerala,PALAKKAD,2013,2014,0.0877368547025143,HIGH,11848,True
Kerala,Pathanamthitta,Kerala,PATHANAMTHITTA,2013,2014,0.0711756335410187,MEDIUM,6002,True
Maharashtra,Ahmednagar,Maharashtra,AHMEDNAGAR,2013,2014,0.1009111946725214,HIGH,7934,True
Maharashtra,Akola,Maharashtra,AKOLA,2013,2014,0.0882733895327179,HIGH,3979,True
Maharashtra,Beed,Maharashtra,BEED,2013,2014,0.1491339905320374,HIGH,4713,True
Maharashtra,Bhandara,Maharashtra,BHANDARA,2013,2014,0.0759560196180346,MEDIUM,2257,True
Maharashtra,Buldhana,Maharashtra,BULDHANA,2013,2014,0.1049884810712897,HIGH,4024,True
Maharashtra,Chandrapur,Maharashtra,CHANDRAPUR,2013,2014,0.106276978149532,HIGH,4476,True
Maharashtra,Dhule,Maharashtra,DHULE,2013,2014,0.1137835161199889,HIGH,3136,True
Maharashtra,Gadchiroli,Maharashtra,GADCHIROLI,2013,2014,0.0728205635803307,MEDIUM,1033,True
Maharashtra,Gondia,Maharashtra,GONDIA,2013,2014,0.0953022113832859,HIGH,1887,True
Maharashtra,Hingoli,Maharashtra,HINGOLI,2013,2014,0.1147415578674768,HIGH,1400,True
Maharashtra,Jalgaon,Maharashtra,JALGAON,2013,2014,0.1266376219617784,HIGH,5548,True
Maharashtra,Jalna,Maharashtra,JALNA,2013,2014,0.1613297327623557,HIGH,3173,True
Maharashtra,Kolhapur,Maharashtra,KOLHAPUR,2013,2014,0.0964899590117498,HIGH,4800,True
Maharashtra,Latur,Maharashtra,LATUR,2013,2014,0.1362936886749695,HIGH,3443,True
Maharashtra,Nanded,Maharashtra,NANDED,2013,2014,0.1197157963027011,HIGH,5058,True
Maharashtra,Nandurbar,Maharashtra,NANDURBAR,2013,2014,0.1056085503685595,HIGH,1558,True
Maharashtra,Osmanabad,Maharashtra,OSMANABAD,2013,2014,0.1224974764815856,HIGH,2864,True
Maharashtra,Parbhani,Maharashtra,PARBHANI,2013,2014,0.1278986575148353,HIGH,3573,True
Maharashtra,Raigad,Maharashtra,RAIGAD,2013,2014,0.0991124430351619,HIGH,2595,True
Maharashtra,Ratnagiri,Maharashtra,RATNAGIRI,2013,2014,0.1044216465683847,HIGH,1568,True
Maharashtra,Sangli,Maharashtra,SANGLI,2013,2014,0.1148665017344414,HIGH,3353,True
Maharashtra,Satara,Maharashtra,SATARA,2013,2014,0.0997382860237097,HIGH,6086,True
Maharashtra,Sindhudurg,Maharashtra,SINDHUDURG,2013,2014,0.093495059758341,HIGH,841,True
Maharashtra,Wardha,Maharashtra,WARDHA,2013,2014,0.0845153439536632,MEDIUM,3959,True
Maharashtra,Washim,Maharashtra,WASHIM,2013,2014,0.1173801178265863,HIGH,2513,True
Maharashtra,Yavatmal,Maharashtra,YAVATMAL,2013,2014,0.1143198451606311,HIGH,12567,True
Meghalaya,Ri Bhoi,Meghalaya,RI-BHOI,2013,2014,0.0260211958776552,LOW,341,True
Manipur,Imphal East,Manipur,IMPHAL EAST,2013,2014,0.0534002183086188,MEDIUM,577,True
Manipur,Imphal West,Manipur,IMPHAL WEST,2013,2014,0.0594575769340737,MEDIUM,1366,True
Mizoram,Saiha,Mizoram,SAIHA,2013,2014,0.0822721217527744,MEDIUM,67,True
Mizoram,Serchhip,Mizoram,SERCHHIP,2013,2014,0.1024002119474489,HIGH,88,True
Nagaland,Dimapur,Nagaland,DIMAPUR,2013,2014,0.0329072494546325,LOW,572,True
Nagaland,Kohima,Nagaland,KOHIMA,2013,2014,0.0333917480684762,LOW,162,True
Nagaland,Mokokchung,Nagaland,MOKOKCHUNG,2013,2014,0.0404530967838938,LOW,88,True
Nagaland,Mon,Nagaland,MON,2013,2014,0.025169929193902,LOW,50,True
Nagaland,Phek,Nagaland,PHEK,2013,2014,0.0443180785712031,LOW,82,True
Manipur,Bishnupur,Manipur,BISHNUPUR,2013,2014,0.0496527201170751,LOW,234,True
Manipur,Chandel,Manipur,CHANDEL,2013,2014,0.0,LOW,53,True
Manipur,Churachandpur,Manipur,CHURACHANDPUR,2013,2014,0.0050872079721899,LOW,106,True
Manipur,Senapati,Manipur,SENAPATI,2013,2014,0.0,LOW,123,True
Manipur,Tamenglong,Manipur,TAMENGLONG,2013,2014,0.0,LOW,90,True
Nagaland,Tuensang,Nagaland,TUENSANG,2013,2014,0.0224409402295238,LOW,56,True
Manipur,Thoubal,Manipur,THOUBAL,2013,2014,0.0709110197899336,MEDIUM,524,True
Manipur,Ukhrul,Manipur,UKHRUL,2013,2014,0.0205363204464192,LOW,105,True
Madhya Pradesh,Rajgarh,Madhya Pradesh,RAJGARH,2013,2014,0.0694857527675638,MEDIUM,4433,True
Madhya Pradesh,Ratlam,Madhya Pradesh,RATLAM,2013,2014,0.0607177055604368,MEDIUM,3497,True
Madhya Pradesh,Rewa,Madhya Pradesh,REWA,2013,2014,0.0670524464706134,MEDIUM,5741,True
Madhya Pradesh,Sagar,Madhya Pradesh,SAGAR,2013,2014,0.0851359732872099,MEDIUM,8016,True
Madhya Pradesh,Satna,Madhya Pradesh,SATNA,2013,2014,0.0735196241731317,MEDIUM,6232,True
Madhya Pradesh,Seoni,Madhya Pradesh,SEONI,2013,2014,0.0871367751777059,HIGH,2632,True
Madhya Pradesh,Shahdol,Madhya Pradesh,SHAHDOL,2013,2014,0.0986506645834397,HIGH,4344,True
Madhya Pradesh,Shajapur,Madhya Pradesh,SHAJAPUR,2013,2014,0.0696406048447373,MEDIUM,2523,True
Madhya Pradesh,Sheopur,Madhya Pradesh,SHEOPUR,2013,2014,0.1109116295857093,HIGH,1409,True
Madhya Pradesh,Shivpuri,Madhya Pradesh,SHIVPURI,2013,2014,0.0754649946511578,MEDIUM,4772,True
Madhya Pradesh,Sidhi,Madhya Pradesh,SIDHI,2013,2014,0.0708333527671827,MEDIUM,2653,True
Madhya Pradesh,Tikamgarh,Madhya Pradesh,TIKAMGARH,2013,2014,0.0834272902468258,MEDIUM,3196,True
Madhya Pradesh,Ujjain,Madhya Pradesh,UJJAIN,2013,2014,0.0620072739634041,MEDIUM,7970,True
Madhya Pradesh,Vidisha,Madhya Pradesh,VIDISHA,2013,2014,0.0926524485323641,HIGH,4687,True
Madhya Pradesh,Singrauli,Madhya Pradesh,SINGRAULI,2013,2014,0.0815098912932172,MEDIUM,2954,True
Madhya Pradesh,Alirajpur,Madhya Pradesh,ALIRAJPUR,2013,2014,0.0655478411913337,MEDIUM,1175,True
Mizoram,Aizawl,Mizoram,AIZAWL,2013,2014,0.0,LOW,844,True
Mizoram,Champhai,Mizoram,CHAMPHAI,2013,2014,0.0769036165458858,MEDIUM,189,True
Mizoram,Kolasib,Mizoram,KOLASIB,2013,2014,0.0531045676970636,MEDIUM,176,True
Mizoram,Lawngtlai,Mizoram,LAWNGTLAI,2013,2014,0.0835480443582328,MEDIUM,90,True
Mizoram,Lunglei,Mizoram,LUNGLEI,2013,2014,0.1429450589814693,HIGH,154,True
Mizoram,Mamit,Mizoram,MAMIT,2013,2014,0.0861515007157593,HIGH,88,True
Madhya Pradesh,Barwani,Madhya Pradesh,BARWANI,2013,2014,0.073879618001422,MEDIUM,2260,True
Madhya Pradesh,Betul,Madhya Pradesh,BETUL,2013,2014,0.1091081592130451,HIGH,3363,True
Madhya Pradesh,Bhind,Madhya Pradesh,BHIND,2013,2014,0.0745497298087032,MEDIUM,4333,True
Madhya Pradesh,Bhopal,Madhya Pradesh,BHOPAL,2013,2014,0.0485517567574633,LOW,13927,True
Madhya Pradesh,Burhanpur,Madhya Pradesh,BURHANPUR,2013,2014,0.0961971145439493,HIGH,1636,True
Madhya Pradesh,Chhatarpur,Madhya Pradesh,CHHATARPUR,2013,2014,0.0872301670021131,HIGH,4527,True
Madhya Pradesh,Chhindwara,Madhya Pradesh,CHHINDWARA,2013,2014,0.0985958927504755,HIGH,5142,True
Madhya Pradesh,Damoh,Madhya Pradesh,DAMOH,2013,2014,0.0950223667789502,HIGH,2630,True
Madhya Pradesh,Dewas,Madhya Pradesh,DEWAS,2013,2014,0.0494567068852249,LOW,4980,True
Madhya Pradesh,Dhar,Madhya Pradesh,DHAR,2013,2014,0.071747937126078,MEDIUM,6164,True
Madhya Pradesh,Dindori,Madhya Pradesh,DINDORI,2013,2014,0.1027251414144261,HIGH,1990,True
Madhya Pradesh,Guna,Madhya Pradesh,GUNA,2013,2014,0.076535181009534,MEDIUM,3788,True
Madhya Pradesh,Gwalior,Madhya Pradesh,GWALIOR,2013,2014,0.0860101509448811,HIGH,10693,True
Madhya Pradesh,Mandsaur,Madhya Pradesh,MANDSAUR,2013,2014,0.0589535816591764,MEDIUM,3772,True
Madhya Pradesh,Morena,Madhya Pradesh,MORENA,2013,2014,0.0801776433677987,MEDIUM,5588,True
Madhya Pradesh,Narsinghpur,Madhya Pradesh,NARSINGHPUR,2013,2014,0.0972551349609902,HIGH,3649,True
Madhya Pradesh,Neemuch,Madhya Pradesh,NEEMUCH,2013,2014,0.0698890349906677,MEDIUM,2525,True
Madhya Pradesh,Panna,Madhya Pradesh,PANNA,2013,2014,0.0345062331684518,LOW,1828,True
Madhya Pradesh,Raisen,Madhya Pradesh,RAISEN,2013,2014,0.0880046153606188,HIGH,4656,True
Nagaland,Wokha,Nagaland,WOKHA,2013,2014,0.0,LOW,87,True
Nagaland,Zunheboto,Nagaland,ZUNHEBOTO,2013,2014,0.0,LOW,48,True
Nagaland,Peren,Nagaland,PEREN,2013,2014,0.0619356436887927,MEDIUM,15,True
Nagaland,Kiphire,Nagaland,KIPHIRE,2013,2014,0.0428271676051055,LOW,42,True
Nagaland,Longleng,Nagaland,LONGLENG,2013,2014,0.0081929073056856,LOW,14,True
Odisha,Bhadrak,Odisha,BHADRAK,2013,2014,0.1112408985822115,HIGH,2708,True
Odisha,Boudh,Odisha,BOUDH,2013,2014,0.2341569290330285,HIGH,706,True
Odisha,Cuttack,Odisha,CUTTACK,2013,2014,0.0652122898421241,MEDIUM,2407,True
Odisha,Deogarh,Odisha,DEOGARH,2013,2014,0.1415663686990471,HIGH,478,True
Odisha,Dhenkanal,Odisha,DHENKANAL,2013,2014,0.1872172484399443,HIGH,2131,True
Odisha,Gajapati,Odisha,GAJAPATI,2013,2014,0.2301120108583789,HIGH,424,True
Odisha,Ganjam,Odisha,GANJAM,2013,2014,0.2023931008169854,HIGH,2326,True
Odisha,Jharsuguda,Odisha,JHARSUGUDA,2013,2014,0.1216474370431528,HIGH,1214,True
Odisha,Kalahandi,Odisha,KALAHANDI,2013,2014,0.1748336854731691,HIGH,1735,True
Odisha,Kandhamal,Odisha,KANDHAMAL,2013,2014,0.1777646809814983,HIGH,909,True
Odisha,Kendrapara,Odisha,KENDRAPARA,2013,2014,0.0784758942240786,MEDIUM,2282,True
Odisha,Koraput,Odisha,KORAPUT,2013,2014,0.1590047597891997,HIGH,1456,True
Odisha,Mayurbhanj,Odisha,MAYURBHANJ,2013,2014,0.1583009488309217,HIGH,2958,True
Odisha,Nayagarh,Odisha,NAYAGARH,2013,2014,0.068293987521814,MEDIUM,1520,True
Odisha,Nuapada,Odisha,NUAPADA,2013,2014,0.1370364990640682,HIGH,1080,True
Odisha,Puri,Odisha,PURI,2013,2014,0.0904010369593508,HIGH,3753,True
Odisha,Rayagada,Odisha,RAYAGADA,2013,2014,0.1876530441370876,HIGH,1163,True
Odisha,Sambalpur,Odisha,SAMBALPUR,2013,2014,0.0594138027390813,MEDIUM,3038,True
Odisha,Sonepur,Odisha,SONEPUR,2013,2014,0.1604666365702287,HIGH,650,True
Odisha,Sundargarh,Odisha,SUNDARGARH,2013,2014,0.1123343094598767,HIGH,1576,True
Punjab,Faridkot,Punjab,FARIDKOT,2013,2014,0.0557778669032005,MEDIUM,724,True
Punjab,Fatehgarh Sahib,Punjab,FATEHGARH SAHIB,2013,2014,0.0982975135788508,HIGH,811,True
Punjab,Gurdaspur,Punjab,GURDASPUR,2013,2014,0.0805542537171974,MEDIUM,884,True
Punjab,Hoshiarpur,Punjab,HOSHIARPUR,2013,2014,0.0777124321159321,MEDIUM,1667,True
Punjab,Kapurthala,Punjab,KAPURTHALA,2013,2014,0.0668643962817314,MEDIUM,1267,True
Punjab,Mansa,Punjab,MANSA,2013,2014,0.0679090336225145,MEDIUM,640,True
Punjab,Moga,Punjab,MOGA,2013,2014,0.027866109003783,LOW,1044,True
Punjab,Patiala,Punjab,PATIALA,2013,2014,0.043713557061993,LOW,2869,True
Punjab,Sangrur,Punjab,SANGRUR,2013,2014,0.0314447414879042,LOW,2078,True
Punjab,Barnala,Punjab,BARNALA,2013,2014,0.0138125565500446,LOW,771,True
Punjab,Tarn Taran,Punjab,TARN TARAN,2013,2014,0.0952474752015974,HIGH,1076,True
Punjab,Fazilka,Punjab,FAZILKA,2013,2014,0.0906803960191113,HIGH,863,True
Punjab,Pathankot,Punjab,PATHANKOT,2013,2014,0.0975702499537776,HIGH,437,True
Puducherry,Karaikal,Puducherry,KARAIKAL,2013,2014,0.033876826474662,LOW,643,True
Rajasthan,Ajmer,Rajasthan,AJMER,2013,2014,0.0993468825488024,HIGH,8636,True
Rajasthan,Alwar,Rajasthan,ALWAR,2013,2014,0.059782611954384,MEDIUM,14677,True
Rajasthan,Banswara,Rajasthan,BANSWARA,2013,2014,0.1450529987073723,HIGH,2784,True
Rajasthan,Baran,Rajasthan,BARAN,2013,2014,0.0842679729406385,MEDIUM,3333,True
Rajasthan,Barmer,Rajasthan,BARMER,2013,2014,0.0183482900723548,LOW,3996,True
Rajasthan,Bharatpur,Rajasthan,BHARATPUR,2013,2014,0.0214277830671123,LOW,10203,True
Rajasthan,Bhilwara,Rajasthan,BHILWARA,2013,2014,0.1308182009696012,HIGH,5489,True
Rajasthan,Bikaner,Rajasthan,BIKANER,2013,2014,0.0531778881114932,MEDIUM,4978,True
Rajasthan,Bundi,Rajasthan,BUNDI,2013,2014,0.1187640801815932,HIGH,3292,True
Rajasthan,Chittorgarh,Rajasthan,CHITTORGARH,2013,2014,0.1668411948411348,HIGH,4980,True
Rajasthan,Churu,Rajasthan,CHURU,2013,2014,0.0572183249608444,MEDIUM,3725,True
Rajasthan,Dausa,Rajasthan,DAUSA,2013,2014,0.0849664557039362,MEDIUM,5673,True
Rajasthan,Dholpur,Rajasthan,DHOLPUR,2013,2014,0.0209454461280829,LOW,3889,True
Rajasthan,Dungarpur,Rajasthan,DUNGARPUR,2013,2014,0.1213148896198903,HIGH,2380,True
Rajasthan,Ganganagar,Rajasthan,GANGANAGAR,2013,2014,0.1228487326387666,HIGH,6347,True
Rajasthan,Hanumangarh,Rajasthan,HANUMANGARH,2013,2014,0.09309830496006,HIGH,4825,True
Rajasthan,Sikar,Rajasthan,SIKAR,2013,2014,0.0574534753943909,MEDIUM,6941,True
Rajasthan,Sirohi,Rajasthan,SIROHI,2013,2014,0.1319570096000377,HIGH,2148,True
Rajasthan,Tonk,Rajasthan,TONK,2013,2014,0.1120954163262142,HIGH,4022,True
Rajasthan,Udaipur,Rajasthan,UDAIPUR,2013,2014,0.123736948404806,HIGH,8212,True
Tamil Nadu,Thanjavur,Tamil Nadu,THANJAVUR,2013,2014,0.0308609927182261,LOW,6510,True
Tamil Nadu,Theni,Tamil Nadu,THENI,2013,2014,0.0385216177932379,LOW,4311,True
Tamil Nadu,Thiruvallur,Tamil Nadu,THIRUVALLUR,2013,2014,0.0412416740193195,LOW,4003,True
Tamil Nadu,Thiruvarur,Tamil Nadu,THIRUVARUR,2013,2014,0.0,LOW,3963,True
Tamil Nadu,Chennai,Tamil Nadu,CHENNAI,2013,2014,0.0342055801656557,LOW,17747,True
Tamil Nadu,Cuddalore,Tamil Nadu,CUDDALORE,2013,2014,0.0364087552355714,LOW,8758,True
Tamil Nadu,Dharmapuri,Tamil Nadu,DHARMAPURI,2013,2014,0.0485818270820972,LOW,4416,True
Tamil Nadu,Dindigul,Tamil Nadu,DINDIGUL,2013,2014,0.0479461475399192,LOW,5845,True
Tamil Nadu,Erode,Tamil Nadu,ERODE,2013,2014,0.0156149215813543,LOW,4342,True
Tamil Nadu,Kanchipuram,Tamil Nadu,KANCHIPURAM,2013,2014,0.0129842126163894,LOW,7977,True
Tamil Nadu,Karur,Tamil Nadu,KARUR,2013,2014,0.0244695955487317,LOW,2013,True
Tamil Nadu,Krishnagiri,Tamil Nadu,KRISHNAGIRI,2013,2014,0.0426365109714284,LOW,5101,True
Tamil Nadu,Nagapattinam,Tamil Nadu,NAGAPATTINAM,2013,2014,0.0165626120815802,LOW,3919,True
Tamil Nadu,Namakkal,Tamil Nadu,NAMAKKAL,2013,2014,0.0441382459755688,LOW,4113,True
Tamil Nadu,Perambalur,Tamil Nadu,PERAMBALUR,2013,2014,0.0377890124027915,LOW,1300,True
Tamil Nadu,Vellore,Tamil Nadu,VELLORE,2013,2014,0.0363595827274652,LOW,9802,True
Tamil Nadu,Villupuram,Tamil Nadu,VILLUPURAM,2013,2014,0.0548727354230551,MEDIUM,8801,True
Tamil Nadu,Virudhunagar,Tamil Nadu,VIRUDHUNAGAR,2013,2014,0.0368635549452933,LOW,4336,True
Tamil Nadu,Ariyalur,Tamil Nadu,ARIYALUR,2013,2014,0.0387190133266501,LOW,1991,True
Tamil Nadu,Tiruppur,Tamil Nadu,TIRUPPUR,2013,2014,0.0340905452397082,LOW,5895,True
Tripura,Dhalai,Tripura,DHALAI,2013,2014,0.2098311613329941,HIGH,394,True
Tripura,Gomati,Tripura,GOMATI,2013,2014,0.1864250400900589,HIGH,1049,True
Tripura,Unakoti,Tripura,UNAKOTI,2013,2014,0.1772780214646816,HIGH,433,True
Telangana,Adilabad,Andhra Pradesh,ADILABAD,2013,2014,0.1228549296254983,HIGH,6381,True
Telangana,Karimnagar,Andhra Pradesh,KARIMNAGAR,2013,2014,0.1319698352194664,HIGH,8836,True
Telangana,Khammam,Andhra Pradesh,KHAMMAM,2013,2014,0.123780024039094,HIGH,10607,True
Telangana,Medak,Andhra Pradesh,MEDAK,2013,2014,0.0899533076840712,HIGH,7054,True
Telangana,Nalgonda,Andhra Pradesh,NALGONDA,2013,2014,0.1044965746737689,HIGH,10291,True
Telangana,Nizamabad,Andhra Pradesh,NIZAMABAD,2013,2014,0.1390369380326335,HIGH,7662,True
Telangana,Ranga Reddy,Andhra Pradesh,RANGA REDDY,2013,2014,0.1093572771844877,HIGH,2191,True
Telangana,Warangal,Andhra Pradesh,WARANGAL,2013,2014,0.0901492240480423,HIGH,5421,True
Uttarakhand,Almora,Uttarakhand,ALMORA,2013,2014,0.1284946525280135,HIGH,172,True
Uttarakhand,Bageshwar,Uttarakhand,BAGESHWAR,2013,2014,0.084924738703515,MEDIUM,84,True
Uttarakhand,Chamoli,Uttarakhand,CHAMOLI,2013,2014,0.1317830674634466,HIGH,119,True
Uttarakhand,Champawat,Uttarakhand,CHAMPAWAT,2013,2014,0.0967860829607134,HIGH,97,True
Uttarakhand,Dehradun,Uttarakhand,DEHRADUN,2013,2014,0.1226607555059915,HIGH,2279,True
Uttarakhand,Haridwar,Uttarakhand,HARIDWAR,2013,2014,0.1014945123993642,HIGH,2796,True
Uttarakhand,Nainital,Uttarakhand,NAINITAL,2013,2014,0.13056781659826,HIGH,842,True
Uttarakhand,Pauri Garhwal,Uttarakhand,PAURI GARHWAL,2013,2014,0.0924409994561032,HIGH,307,True
Uttarakhand,Pithoragarh,Uttarakhand,PITHORAGARH,2013,2014,0.1549082349783803,HIGH,117,True
Uttarakhand,Rudra Prayag,Uttarakhand,RUDRA PRAYAG,2013,2014,0.1476063924818278,HIGH,101,True
Uttarakhand,Tehri Garhwal,Uttarakhand,TEHRI GARHWAL,2013,2014,0.0610197040867974,MEDIUM,114,True
Uttar Pradesh,Agra,Uttar Pradesh,AGRA,2013,2014,0.106993332934097,HIGH,9298,True
Uttar Pradesh,Aligarh,Uttar Pradesh,ALIGARH,2013,2014,0.1249355414059552,HIGH,8129,True
Uttar Pradesh,Ambedkar Nagar,Uttar Pradesh,AMBEDKAR NAGAR,2013,2014,0.0645351773703539,MEDIUM,1339,True
Uttar Pradesh,Auraiya,Uttar Pradesh,AURAIYA,2013,2014,0.1140376164450971,HIGH,1316,True
Uttar Pradesh,Azamgarh,Uttar Pradesh,AZAMGARH,2013,2014,0.1221334617268341,HIGH,2621,True
Uttar Pradesh,Baghpat,Uttar Pradesh,BAGHPAT,2013,2014,0.114017800682143,HIGH,1831,True
Uttar Pradesh,Bahraich,Uttar Pradesh,BAHRAICH,2013,2014,0.0769645804333138,MEDIUM,2389,True
Uttar Pradesh,Ballia,Uttar Pradesh,BALLIA,2013,2014,0.1023623655573986,HIGH,1790,True
Uttar Pradesh,Balrampur,Uttar Pradesh,BALRAMPUR,2013,2014,0.102390442476606,HIGH,649,True
Uttar Pradesh,Banda,Uttar Pradesh,BANDA,2013,2014,0.1523521527858606,HIGH,2055,True
Uttar Pradesh,Barabanki,Uttar Pradesh,BARABANKI,2013,2014,0.0442765159722371,LOW,2677,True
Uttar Pradesh,Bareilly,Uttar Pradesh,BAREILLY,2013,2014,0.1016867031512605,HIGH,6860,True
Uttar Pradesh,Basti,Uttar Pradesh,BASTI,2013,2014,0.11589280189842,HIGH,1162,True
Uttar Pradesh,Bijnor,Uttar Pradesh,BIJNOR,2013,2014,0.0981756895902579,HIGH,3639,True
Uttar Pradesh,Deoria,Uttar Pradesh,DEORIA,2013,2014,0.1144894762361248,HIGH,1882,True
Uttar Pradesh,Etah,Uttar Pradesh,ETAH,2013,2014,0.1162674840726312,HIGH,2506,True
Uttar Pradesh,Etawah,Uttar Pradesh,ETAWAH,2013,2014,0.0634044915441209,MEDIUM,2242,True
Uttar Pradesh,Fatehpur,Uttar Pradesh,FATEHPUR,2013,2014,0.1174134160124198,HIGH,2234,True
Uttar Pradesh,Firozabad,Uttar Pradesh,FIROZABAD,2013,2014,0.1115277751221215,HIGH,4026,True
Uttar Pradesh,Ghaziabad,Uttar Pradesh,GHAZIABAD,2013,2014,0.1083435604739493,HIGH,9150,True
Uttar Pradesh,Ghazipur,Uttar Pradesh,GHAZIPUR,2013,2014,0.1167623092497807,HIGH,1626,True
Uttar Pradesh,Gonda,Uttar Pradesh,GONDA,2013,2014,0.0747753377640181,MEDIUM,2342,True
Uttar Pradesh,Gorakhpur,Uttar Pradesh,GORAKHPUR,2013,2014,0.0992306619994509,HIGH,4444,True
Uttar Pradesh,Hamirpur,Uttar Pradesh,HAMIRPUR,2013,2014,0.17596067834196,HIGH,1040,True
Uttar Pradesh,Hardoi,Uttar Pradesh,HARDOI,2013,2014,0.1048758267670295,HIGH,2890,True
Uttar Pradesh,Jalaun,Uttar Pradesh,JALAUN,2013,2014,0.1090386443160171,HIGH,978,True
Uttar Pradesh,Jaunpur,Uttar Pradesh,JAUNPUR,2013,2014,0.1277114442208586,HIGH,2218,True
Uttar Pradesh,Jhansi,Uttar Pradesh,JHANSI,2013,2014,0.1138501883161795,HIGH,1923,True
Uttar Pradesh,Amroha,Uttar Pradesh,AMROHA,2013,2014,0.1147301572808829,HIGH,2401,True
Uttar Pradesh,Kannauj,Uttar Pradesh,KANNAUJ,2013,2014,0.0849359921422008,MEDIUM,1508,True
Uttar Pradesh,Kanpur Dehat,Uttar Pradesh,KANPUR DEHAT,2013,2014,0.1057182546244932,HIGH,2031,True
Uttar Pradesh,Kanpur Nagar,Uttar Pradesh,KANPUR NAGAR,2013,2014,0.0788837488683229,MEDIUM,7060,True
Uttar Pradesh,Kaushambi,Uttar Pradesh,KAUSHAMBI,2013,2014,0.1281190870751716,HIGH,1600,True
Uttar Pradesh,Kushi Nagar,Uttar Pradesh,KUSHI NAGAR,2013,2014,0.1080094568997738,HIGH,1988,True
Uttar Pradesh,Lalitpur,Uttar Pradesh,LALITPUR,2013,2014,0.1179079516586598,HIGH,696,True
Uttar Pradesh,Lucknow,Uttar Pradesh,LUCKNOW,2013,2014,0.1101634643602993,HIGH,13583,True
Uttar Pradesh,Hathras,Uttar Pradesh,HATHRAS,2013,2014,0.1077551536754783,HIGH,2094,True
Uttar Pradesh,Maharajganj,Uttar Pradesh,MAHARAJGANJ,2013,2014,0.1131304494272329,HIGH,1369,True
Uttar Pradesh,Mahoba,Uttar Pradesh,MAHOBA,2013,2014,0.1444126580378879,HIGH,838,True
Uttar Pradesh,Mainpuri,Uttar Pradesh,MAINPURI,2013,2014,0.1062984159472308,HIGH,2432,True
Uttar Pradesh,Mathura,Uttar Pradesh,MATHURA,2013,2014,0.1065645260266892,HIGH,4386,True
Uttar Pradesh,Mau,Uttar Pradesh,MAU,2013,2014,0.131594348415996,HIGH,1495,True
Uttar Pradesh,Meerut,Uttar Pradesh,MEERUT,2013,2014,0.0928503046214659,HIGH,8360,True
Uttar Pradesh,Mirzapur,Uttar Pradesh,MIRZAPUR,2013,2014,0.0821516130709285,MEDIUM,786,True
Uttar Pradesh,Moradabad,Uttar Pradesh,MORADABAD,2013,2014,0.1433235455518386,HIGH,3747,True
Uttar Pradesh,Muzaffarnagar,Uttar Pradesh,MUZAFFARNAGAR,2013,2014,0.1215262604865061,HIGH,4496,True
Uttar Pradesh,Pilibhit,Uttar Pradesh,PILIBHIT,2013,2014,0.0983434715109312,HIGH,2798,True
Uttar Pradesh,Pratapgarh,Uttar Pradesh,PRATAPGARH,2013,2014,0.1021685521048085,HIGH,3311,True
Uttar Pradesh,Rampur,Uttar Pradesh,RAMPUR,2013,2014,0.1112650394579561,HIGH,1970,True
Uttar Pradesh,Saharanpur,Uttar Pradesh,SAHARANPUR,2013,2014,0.1137271042361278,HIGH,3541,True
Uttar Pradesh,Shahjahanpur,Uttar Pradesh,SHAHJAHANPUR,2013,2014,0.1072544954357697,HIGH,2903,True
West Bengal,Hooghly,West Bengal,HOOGHLY,2013,2014,0.1748446035316975,HIGH,6931,True
West Bengal,Jalpaiguri,West Bengal,JALPAIGURI,2013,2014,0.1466463711936627,HIGH,7161,True
West Bengal,Kolkata,West Bengal,KOLKATA,2013,2014,0.0840933516714785,MEDIUM,26319,True
West Bengal,Murshidabad,West Bengal,MURSHIDABAD,2013,2014,0.2081365658684022,HIGH,12310,True
West Bengal,Nadia,West Bengal,NADIA,2013,2014,0.1707114805268845,HIGH,12135,True
West Bengal,Purulia,West Bengal,PURULIA,2013,2014,0.1932114905855557,HIGH,1613,True
